instance_id,model_name,class,explanation
astropy__astropy-14182,Agentless GPT 4o,2,"""VOTE: {""grok"": ""2"", ""minimax"": ""2"", ""gpt5"": ""1""}"""
astropy__astropy-14182,Aider,1,"""VOTE: {""grok"": ""3"", ""minimax"": ""1"", ""gpt5"": ""1""}"""
astropy__astropy-14182,AppMap Navie GPT 4o,4,"""VOTE: {""grok"": ""4"", ""minimax"": ""2"", ""gpt5"": ""1""}"""
astropy__astropy-14182,AutoCoderOver v20240620,2,"""VOTE: {""grok"": ""2"", ""minimax"": ""1"", ""gpt5"": ""2""}"""
astropy__astropy-14182,MoatlessToolsplusGPT4o,2,"""VOTE: {""grok"": ""2"", ""minimax"": ""2"", ""gpt5"": ""1""}"""
astropy__astropy-14182,Moatless Tools Claude 3 5 Sonnet,2,"""VOTE: {""grok"": ""2"", ""minimax"": ""2"", ""gpt5"": ""2""}"""
astropy__astropy-14182,SWEAgent Claude3 Opus,3,"""VOTE: {""grok"": ""3"", ""minimax"": ""6"", ""gpt5"": ""1""}"""
astropy__astropy-14365,Agentless GPT 4o,1,"""VOTE: {""grok"": ""1"", ""minimax"": ""1"", ""gpt5"": ""1""}"""
astropy__astropy-14365,Aider,1,"""VOTE: {""grok"": ""1"", ""minimax"": ""1"", ""gpt5"": ""1""}"""
astropy__astropy-14365,AppMap Navie GPT 4o,1,"""VOTE: {""grok"": ""1"", ""minimax"": ""1"", ""gpt5"": ""1""}"""
astropy__astropy-14365,AutoCoderOver v20240620,1,"""VOTE: {""grok"": ""1"", ""minimax"": ""1"", ""gpt5"": ""1""}"""
astropy__astropy-14365,MoatlessToolsplusGPT4o,1,"""VOTE: {""grok"": ""1"", ""minimax"": ""1"", ""gpt5"": ""1""}"""
astropy__astropy-14365,Moatless Tools Claude 3 5 Sonnet,1,"""VOTE: {""grok"": ""1"", ""minimax"": ""1"", ""gpt5"": ""1""}"""
astropy__astropy-14365,SWEAgent Claude3 Opus,1,"""VOTE: {""grok"": ""4"", ""minimax"": ""1"", ""gpt5"": ""1""}"""
astropy__astropy-6938,Agentless GPT 4o,1,"""VOTE: {""grok"": ""1"", ""minimax"": ""1"", ""gpt5"": ""1""}"""
astropy__astropy-6938,Aider,1,"""VOTE: {""grok"": ""2"", ""minimax"": ""1"", ""gpt5"": ""1""}"""
astropy__astropy-6938,AppMap Navie GPT 4o,1,"""VOTE: {""grok"": ""1"", ""minimax"": ""1"", ""gpt5"": ""1""}"""
astropy__astropy-6938,AutoCoderOver v20240620,1,"""VOTE: {""grok"": ""1"", ""minimax"": ""1"", ""gpt5"": ""1""}"""
astropy__astropy-6938,MoatlessToolsplusGPT4o,1,"""VOTE: {""grok"": ""2"", ""minimax"": ""1"", ""gpt5"": ""1""}"""
astropy__astropy-6938,Moatless Tools Claude 3 5 Sonnet,2,"""VOTE: {""grok"": ""2"", ""minimax"": ""2"", ""gpt5"": ""1""}"""
astropy__astropy-6938,SWEAgent Claude3 Opus,1,"""VOTE: {""grok"": ""1"", ""minimax"": ""1"", ""gpt5"": ""1""}"""
astropy__astropy-7746,Agentless GPT 4o,3,"""VOTE: {""grok"": ""3"", ""minimax"": ""2"", ""gpt5"": ""1""}"""
astropy__astropy-7746,Aider,1,"""VOTE: {""grok"": ""1"", ""minimax"": ""1"", ""gpt5"": ""1""}"""
astropy__astropy-7746,AppMap Navie GPT 4o,1,"""VOTE: {""grok"": ""1"", ""minimax"": ""6"", ""gpt5"": ""2""}"""
astropy__astropy-7746,AutoCoderOver v20240620,3,"""VOTE: {""grok"": ""3"", ""minimax"": ""3"", ""gpt5"": ""1""}"""
astropy__astropy-7746,MoatlessToolsplusGPT4o,1,"""VOTE: {""grok"": ""1"", ""minimax"": ""2"", ""gpt5"": ""1""}"""
astropy__astropy-7746,Moatless Tools Claude 3 5 Sonnet,1,"""VOTE: {""grok"": ""1"", ""minimax"": ""3"", ""gpt5"": ""1""}"""
astropy__astropy-7746,SWEAgent Claude3 Opus,3,"""VOTE: {""grok"": ""3"", ""minimax"": ""3"", ""gpt5"": ""3""}"""
django__django-11283,Agentless GPT 4o,3,"""VOTE: {""grok"": ""3"", ""minimax"": ""3"", ""gpt5"": ""3""}"""
django__django-11283,Aider,3,"""VOTE: {""grok"": ""3"", ""minimax"": ""3"", ""gpt5"": ""3""}"""
django__django-11283,AppMap Navie GPT 4o,3,"""VOTE: {""grok"": ""3"", ""minimax"": ""3"", ""gpt5"": ""3""}"""
django__django-11283,AutoCoderOver v20240620,3,"""VOTE: {""grok"": ""3"", ""minimax"": ""3"", ""gpt5"": ""3""}"""
django__django-11283,MoatlessToolsplusGPT4o,3,"""VOTE: {""grok"": ""3"", ""minimax"": ""2"", ""gpt5"": ""3""}"""
django__django-11283,Moatless Tools Claude 3 5 Sonnet,3,"""VOTE: {""grok"": ""3"", ""minimax"": ""3"", ""gpt5"": ""3""}"""
django__django-11283,SWEAgent Claude3 Opus,3,"""VOTE: {""grok"": ""3"", ""minimax"": ""2"", ""gpt5"": ""3""}"""
django__django-11564,Agentless GPT 4o,2,"""VOTE: {""grok"": ""2"", ""minimax"": ""2"", ""gpt5"": ""2""}"""
django__django-11564,Aider,2,"""VOTE: {""grok"": ""2"", ""minimax"": ""1"", ""gpt5"": ""4""}"""
django__django-11564,AppMap Navie GPT 4o,2,"""VOTE: {""grok"": ""1"", ""minimax"": ""2"", ""gpt5"": ""2""}"""
django__django-11564,AutoCoderOver v20240620,2,"""VOTE: {""grok"": ""2"", ""minimax"": ""2"", ""gpt5"": ""2""}"""
django__django-11564,MoatlessToolsplusGPT4o,3,"""VOTE: {""grok"": ""3"", ""minimax"": ""2"", ""gpt5"": ""1""}"""
django__django-11564,Moatless Tools Claude 3 5 Sonnet,2,"""VOTE: {""grok"": ""1"", ""minimax"": ""2"", ""gpt5"": ""2""}"""
django__django-11564,SWEAgent Claude3 Opus,2,"""VOTE: {""grok"": ""2"", ""minimax"": ""4"", ""gpt5"": ""2""}"""
django__django-11620,Agentless GPT 4o,2,"""VOTE: {""grok"": ""2"", ""minimax"": ""2"", ""gpt5"": ""2""}"""
django__django-11620,Aider,2,"""VOTE: {""grok"": ""2"", ""minimax"": ""3"", ""gpt5"": ""2""}"""
django__django-11620,AppMap Navie GPT 4o,2,"""VOTE: {""grok"": ""2"", ""minimax"": ""3"", ""gpt5"": ""2""}"""
django__django-11620,AutoCoderOver v20240620,2,"""VOTE: {""grok"": ""2"", ""minimax"": ""4"", ""gpt5"": ""2""}"""
django__django-11620,MoatlessToolsplusGPT4o,2,"""VOTE: {""grok"": ""2"", ""minimax"": ""3"", ""gpt5"": ""2""}"""
django__django-11620,Moatless Tools Claude 3 5 Sonnet,2,"""VOTE: {""grok"": ""2"", ""minimax"": ""2"", ""gpt5"": ""3""}"""
django__django-11620,SWEAgent Claude3 Opus,2,"""VOTE: {""grok"": ""2"", ""minimax"": ""2"", ""gpt5"": ""3""}"""
django__django-11630,Agentless GPT 4o,4,"""VOTE: {""grok"": ""4"", ""minimax"": ""2"", ""gpt5"": ""1""}"""
django__django-11630,Aider,2,"""VOTE: {""grok"": ""2"", ""minimax"": ""2"", ""gpt5"": ""2""}"""
django__django-11630,AppMap Navie GPT 4o,4,"""VOTE: {""grok"": ""4"", ""minimax"": ""2"", ""gpt5"": ""1""}"""
django__django-11630,AutoCoderOver v20240620,2,"""VOTE: {""grok"": ""2"", ""minimax"": ""2"", ""gpt5"": ""1""}"""
django__django-11630,MoatlessToolsplusGPT4o,2,"""VOTE: {""grok"": ""2"", ""minimax"": ""2"", ""gpt5"": ""3""}"""
django__django-11630,Moatless Tools Claude 3 5 Sonnet,1,"""VOTE: {""grok"": ""2"", ""minimax"": ""1"", ""gpt5"": ""1""}"""
django__django-11630,SWEAgent Claude3 Opus,4,"""VOTE: {""grok"": ""4"", ""minimax"": ""2"", ""gpt5"": ""3""}"""
django__django-11742,Agentless GPT 4o,3,"""VOTE: {""grok"": ""3"", ""minimax"": ""2"", ""gpt5"": ""3""}"""
django__django-11742,Aider,2,"""VOTE: {""grok"": ""2"", ""minimax"": ""1"", ""gpt5"": ""2""}"""
django__django-11742,AppMap Navie GPT 4o,2,"""VOTE: {""grok"": ""2"", ""minimax"": ""2"", ""gpt5"": ""2""}"""
django__django-11742,AutoCoderOver v20240620,2,"""VOTE: {""grok"": ""2"", ""minimax"": ""2"", ""gpt5"": ""2""}"""
django__django-11742,MoatlessToolsplusGPT4o,1,"""VOTE: {""grok"": ""1"", ""minimax"": ""2"", ""gpt5"": ""1""}"""
django__django-11742,Moatless Tools Claude 3 5 Sonnet,2,"""VOTE: {""grok"": ""2"", ""minimax"": ""2"", ""gpt5"": ""2""}"""
django__django-11742,SWEAgent Claude3 Opus,2,"""VOTE: {""grok"": ""2"", ""minimax"": ""2"", ""gpt5"": ""2""}"""
django__django-11797,Agentless GPT 4o,2,"""VOTE: {""grok"": ""2"", ""minimax"": ""2"", ""gpt5"": ""2""}"""
django__django-11797,Aider,2,"""VOTE: {""grok"": ""2"", ""minimax"": ""2"", ""gpt5"": ""2""}"""
django__django-11797,AppMap Navie GPT 4o,2,"""VOTE: {""grok"": ""1"", ""minimax"": ""2"", ""gpt5"": ""2""}"""
django__django-11797,AutoCoderOver v20240620,2,"""VOTE: {""grok"": ""1"", ""minimax"": ""2"", ""gpt5"": ""2""}"""
django__django-11797,MoatlessToolsplusGPT4o,2,"""VOTE: {""grok"": ""2"", ""minimax"": ""2"", ""gpt5"": ""1""}"""
django__django-11797,Moatless Tools Claude 3 5 Sonnet,2,"""VOTE: {""grok"": ""2"", ""minimax"": ""2"", ""gpt5"": ""2""}"""
django__django-11797,SWEAgent Claude3 Opus,5,"""VOTE: {""grok"": ""5"", ""minimax"": ""1"", ""gpt5"": ""3""}"""
django__django-11905,Agentless GPT 4o,2,"""VOTE: {""grok"": ""5"", ""minimax"": ""2"", ""gpt5"": ""2""}"""
django__django-11905,Aider,2,"""VOTE: {""grok"": ""2"", ""minimax"": ""2"", ""gpt5"": ""2""}"""
django__django-11905,AppMap Navie GPT 4o,2,"""VOTE: {""grok"": ""2"", ""minimax"": ""2"", ""gpt5"": ""2""}"""
django__django-11905,AutoCoderOver v20240620,2,"""VOTE: {""grok"": ""2"", ""minimax"": ""2"", ""gpt5"": ""2""}"""
django__django-11905,MoatlessToolsplusGPT4o,2,"""VOTE: {""grok"": ""5"", ""minimax"": ""2"", ""gpt5"": ""2""}"""
django__django-11905,Moatless Tools Claude 3 5 Sonnet,2,"""VOTE: {""grok"": ""2"", ""minimax"": ""5"", ""gpt5"": ""2""}"""
django__django-11905,SWEAgent Claude3 Opus,2,"""VOTE: {""grok"": ""2"", ""minimax"": ""1"", ""gpt5"": ""3""}"""
django__django-11910,Agentless GPT 4o,1,"""VOTE: {""grok"": ""1"", ""minimax"": ""3"", ""gpt5"": ""1""}"""
django__django-11910,Aider,2,"""VOTE: {""grok"": ""2"", ""minimax"": ""2"", ""gpt5"": ""2""}"""
django__django-11910,AppMap Navie GPT 4o,2,"""VOTE: {""grok"": ""2"", ""minimax"": ""2"", ""gpt5"": ""2""}"""
django__django-11910,AutoCoderOver v20240620,2,"""VOTE: {""grok"": ""2"", ""minimax"": ""2"", ""gpt5"": ""2""}"""
django__django-11910,MoatlessToolsplusGPT4o,1,"""VOTE: {""grok"": ""2"", ""minimax"": ""1"", ""gpt5"": ""1""}"""
django__django-11910,Moatless Tools Claude 3 5 Sonnet,1,"""VOTE: {""grok"": ""2"", ""minimax"": ""1"", ""gpt5"": ""1""}"""
django__django-11910,SWEAgent Claude3 Opus,4,"""VOTE: {""grok"": ""4"", ""minimax"": ""6"", ""gpt5"": ""1""}"""
django__django-12308,Agentless GPT 4o,2,"""VOTE: {""grok"": ""2"", ""minimax"": ""1"", ""gpt5"": ""2""}"""
django__django-12308,Aider,2,"""VOTE: {""grok"": ""2"", ""minimax"": ""2"", ""gpt5"": ""2""}"""
django__django-12308,AppMap Navie GPT 4o,2,"""VOTE: {""grok"": ""2"", ""minimax"": ""3"", ""gpt5"": ""1""}"""
django__django-12308,AutoCoderOver v20240620,2,"""VOTE: {""grok"": ""2"", ""minimax"": ""2"", ""gpt5"": ""1""}"""
django__django-12308,MoatlessToolsplusGPT4o,1,"""VOTE: {""grok"": ""1"", ""minimax"": ""1"", ""gpt5"": ""1""}"""
django__django-12308,Moatless Tools Claude 3 5 Sonnet,2,"""VOTE: {""grok"": ""2"", ""minimax"": ""2"", ""gpt5"": ""1""}"""
django__django-12308,SWEAgent Claude3 Opus,5,"""VOTE: {""grok"": ""5"", ""minimax"": ""1"", ""gpt5"": ""2""}"""
django__django-12470,Agentless GPT 4o,2,"""VOTE: {""grok"": ""2"", ""minimax"": ""2"", ""gpt5"": ""2""}"""
django__django-12470,Aider,2,"""VOTE: {""grok"": ""4"", ""minimax"": ""2"", ""gpt5"": ""2""}"""
django__django-12470,AppMap Navie GPT 4o,2,"""VOTE: {""grok"": ""2"", ""minimax"": ""2"", ""gpt5"": ""2""}"""
django__django-12470,AutoCoderOver v20240620,4,"""VOTE: {""grok"": ""4"", ""minimax"": ""2"", ""gpt5"": ""1""}"""
django__django-12470,MoatlessToolsplusGPT4o,2,"""VOTE: {""grok"": ""2"", ""minimax"": ""2"", ""gpt5"": ""2""}"""
django__django-12470,Moatless Tools Claude 3 5 Sonnet,2,"""VOTE: {""grok"": ""2"", ""minimax"": ""3"", ""gpt5"": ""1""}"""
django__django-12470,SWEAgent Claude3 Opus,3,"""VOTE: {""grok"": ""3"", ""minimax"": ""2"", ""gpt5"": ""3""}"""
django__django-12589,Agentless GPT 4o,1,"""VOTE: {""grok"": ""1"", ""minimax"": ""1"", ""gpt5"": ""1""}"""
django__django-12589,Aider,3,"""VOTE: {""grok"": ""3"", ""minimax"": ""1"", ""gpt5"": ""3""}"""
django__django-12589,AppMap Navie GPT 4o,1,"""VOTE: {""grok"": ""1"", ""minimax"": ""2"", ""gpt5"": ""1""}"""
django__django-12589,AutoCoderOver v20240620,1,"""VOTE: {""grok"": ""1"", ""minimax"": ""2"", ""gpt5"": ""1""}"""
django__django-12589,MoatlessToolsplusGPT4o,3,"""VOTE: {""grok"": ""3"", ""minimax"": ""1"", ""gpt5"": ""3""}"""
django__django-12589,Moatless Tools Claude 3 5 Sonnet,1,"""VOTE: {""grok"": ""1"", ""minimax"": ""1"", ""gpt5"": ""2""}"""
django__django-12589,SWEAgent Claude3 Opus,1,"""VOTE: {""grok"": ""1"", ""minimax"": ""1"", ""gpt5"": ""3""}"""
django__django-12747,Agentless GPT 4o,2,"""VOTE: {""grok"": ""2"", ""minimax"": ""3"", ""gpt5"": ""1""}"""
django__django-12747,Aider,2,"""VOTE: {""grok"": ""2"", ""minimax"": ""2"", ""gpt5"": ""1""}"""
django__django-12747,AppMap Navie GPT 4o,1,"""VOTE: {""grok"": ""2"", ""minimax"": ""1"", ""gpt5"": ""1""}"""
django__django-12747,AutoCoderOver v20240620,3,"""VOTE: {""grok"": ""3"", ""minimax"": ""2"", ""gpt5"": ""1""}"""
django__django-12747,MoatlessToolsplusGPT4o,1,"""VOTE: {""grok"": ""2"", ""minimax"": ""1"", ""gpt5"": ""1""}"""
django__django-12747,Moatless Tools Claude 3 5 Sonnet,3,"""VOTE: {""grok"": ""3"", ""minimax"": ""2"", ""gpt5"": ""1""}"""
django__django-12747,SWEAgent Claude3 Opus,3,"""VOTE: {""grok"": ""3"", ""minimax"": ""3"", ""gpt5"": ""1""}"""
django__django-12908,Agentless GPT 4o,2,"""VOTE: {""grok"": ""2"", ""minimax"": ""2"", ""gpt5"": ""2""}"""
django__django-12908,Aider,4,"""VOTE: {""grok"": ""4"", ""minimax"": ""4"", ""gpt5"": ""2""}"""
django__django-12908,AppMap Navie GPT 4o,2,"""VOTE: {""grok"": ""2"", ""minimax"": ""2"", ""gpt5"": ""2""}"""
django__django-12908,AutoCoderOver v20240620,2,"""VOTE: {""grok"": ""2"", ""minimax"": ""2"", ""gpt5"": ""2""}"""
django__django-12908,MoatlessToolsplusGPT4o,4,"""VOTE: {""grok"": ""4"", ""minimax"": ""2"", ""gpt5"": ""3""}"""
django__django-12908,Moatless Tools Claude 3 5 Sonnet,2,"""VOTE: {""grok"": ""4"", ""minimax"": ""2"", ""gpt5"": ""2""}"""
django__django-12908,SWEAgent Claude3 Opus,3,"""VOTE: {""grok"": ""3"", ""minimax"": ""2"", ""gpt5"": ""3""}"""
django__django-13220,Agentless GPT 4o,4,"""VOTE: {""grok"": ""4"", ""minimax"": ""1"", ""gpt5"": ""2""}"""
django__django-13220,Aider,1,"""VOTE: {""grok"": ""1"", ""minimax"": ""1"", ""gpt5"": ""1""}"""
django__django-13220,AppMap Navie GPT 4o,2,"""VOTE: {""grok"": ""3"", ""minimax"": ""2"", ""gpt5"": ""2""}"""
django__django-13220,AutoCoderOver v20240620,1,"""VOTE: {""grok"": ""2"", ""minimax"": ""1"", ""gpt5"": ""1""}"""
django__django-13220,MoatlessToolsplusGPT4o,2,"""VOTE: {""grok"": ""2"", ""minimax"": ""2"", ""gpt5"": ""2""}"""
django__django-13220,Moatless Tools Claude 3 5 Sonnet,3,"""VOTE: {""grok"": ""3"", ""minimax"": ""3"", ""gpt5"": ""3""}"""
django__django-13220,SWEAgent Claude3 Opus,1,"""VOTE: {""grok"": ""1"", ""minimax"": ""1"", ""gpt5"": ""3""}"""
django__django-13321,Agentless GPT 4o,3,"""VOTE: {""grok"": ""3"", ""minimax"": ""3"", ""gpt5"": ""3""}"""
django__django-13321,Aider,3,"""VOTE: {""grok"": ""3"", ""minimax"": ""3"", ""gpt5"": ""3""}"""
django__django-13321,AppMap Navie GPT 4o,3,"""VOTE: {""grok"": ""3"", ""minimax"": ""2"", ""gpt5"": ""3""}"""
django__django-13321,AutoCoderOver v20240620,3,"""VOTE: {""grok"": ""3"", ""minimax"": ""3"", ""gpt5"": ""3""}"""
django__django-13321,MoatlessToolsplusGPT4o,3,"""VOTE: {""grok"": ""3"", ""minimax"": ""3"", ""gpt5"": ""3""}"""
django__django-13321,Moatless Tools Claude 3 5 Sonnet,3,"""VOTE: {""grok"": ""3"", ""minimax"": ""3"", ""gpt5"": ""3""}"""
django__django-13321,SWEAgent Claude3 Opus,2,"""VOTE: {""grok"": ""2"", ""minimax"": ""2"", ""gpt5"": ""2""}"""
django__django-14155,Agentless GPT 4o,2,"""VOTE: {""grok"": ""2"", ""minimax"": ""2"", ""gpt5"": ""2""}"""
django__django-14155,Aider,2,"""VOTE: {""grok"": ""2"", ""minimax"": ""2"", ""gpt5"": ""2""}"""
django__django-14155,AppMap Navie GPT 4o,4,"""VOTE: {""grok"": ""4"", ""minimax"": ""1"", ""gpt5"": ""4""}"""
django__django-14155,AutoCoderOver v20240620,1,"""VOTE: {""grok"": ""1"", ""minimax"": ""2"", ""gpt5"": ""4""}"""
django__django-14155,MoatlessToolsplusGPT4o,2,"""VOTE: {""grok"": ""2"", ""minimax"": ""2"", ""gpt5"": ""2""}"""
django__django-14155,Moatless Tools Claude 3 5 Sonnet,2,"""VOTE: {""grok"": ""2"", ""minimax"": ""2"", ""gpt5"": ""1""}"""
django__django-14155,SWEAgent Claude3 Opus,1,"""VOTE: {""grok"": ""2"", ""minimax"": ""1"", ""gpt5"": ""1""}"""
django__django-14534,Agentless GPT 4o,3,"""VOTE: {""grok"": ""1"", ""minimax"": ""3"", ""gpt5"": ""3""}"""
django__django-14534,Aider,1,"""VOTE: {""grok"": ""1"", ""minimax"": ""1"", ""gpt5"": ""3""}"""
django__django-14534,AppMap Navie GPT 4o,1,"""VOTE: {""grok"": ""1"", ""minimax"": ""1"", ""gpt5"": ""3""}"""
django__django-14534,AutoCoderOver v20240620,3,"""VOTE: {""grok"": ""3"", ""minimax"": ""1"", ""gpt5"": ""2""}"""
django__django-14534,MoatlessToolsplusGPT4o,1,"""VOTE: {""grok"": ""1"", ""minimax"": ""1"", ""gpt5"": ""3""}"""
django__django-14534,Moatless Tools Claude 3 5 Sonnet,3,"""VOTE: {""grok"": ""3"", ""minimax"": ""1"", ""gpt5"": ""3""}"""
django__django-14534,SWEAgent Claude3 Opus,2,"""VOTE: {""grok"": ""1"", ""minimax"": ""2"", ""gpt5"": ""2""}"""
django__django-14580,Agentless GPT 4o,2,"""VOTE: {""grok"": ""2"", ""minimax"": ""1"", ""gpt5"": ""2""}"""
django__django-14580,Aider,4,"""VOTE: {""grok"": ""4"", ""minimax"": ""1"", ""gpt5"": ""2""}"""
django__django-14580,AppMap Navie GPT 4o,4,"""VOTE: {""grok"": ""4"", ""minimax"": ""1"", ""gpt5"": ""2""}"""
django__django-14580,AutoCoderOver v20240620,4,"""VOTE: {""grok"": ""4"", ""minimax"": ""1"", ""gpt5"": ""2""}"""
django__django-14580,MoatlessToolsplusGPT4o,2,"""VOTE: {""grok"": ""2"", ""minimax"": ""2"", ""gpt5"": ""2""}"""
django__django-14580,Moatless Tools Claude 3 5 Sonnet,2,"""VOTE: {""grok"": ""4"", ""minimax"": ""2"", ""gpt5"": ""2""}"""
django__django-14580,SWEAgent Claude3 Opus,2,"""VOTE: {""grok"": ""2"", ""minimax"": ""2"", ""gpt5"": ""1""}"""
django__django-14667,Agentless GPT 4o,2,"""VOTE: {""grok"": ""3"", ""minimax"": ""2"", ""gpt5"": ""2""}"""
django__django-14667,Aider,2,"""VOTE: {""grok"": ""3"", ""minimax"": ""2"", ""gpt5"": ""2""}"""
django__django-14667,AppMap Navie GPT 4o,2,"""VOTE: {""grok"": ""2"", ""minimax"": ""2"", ""gpt5"": ""4""}"""
django__django-14667,AutoCoderOver v20240620,2,"""VOTE: {""grok"": ""4"", ""minimax"": ""2"", ""gpt5"": ""2""}"""
django__django-14667,MoatlessToolsplusGPT4o,2,"""VOTE: {""grok"": ""2"", ""minimax"": ""2"", ""gpt5"": ""2""}"""
django__django-14667,Moatless Tools Claude 3 5 Sonnet,2,"""VOTE: {""grok"": ""2"", ""minimax"": ""2"", ""gpt5"": ""3""}"""
django__django-14667,SWEAgent Claude3 Opus,3,"""VOTE: {""grok"": ""3"", ""minimax"": ""2"", ""gpt5"": ""1""}"""
django__django-14730,Agentless GPT 4o,2,"""VOTE: {""grok"": ""2"", ""minimax"": ""2"", ""gpt5"": ""2""}"""
django__django-14730,Aider,2,"""VOTE: {""grok"": ""2"", ""minimax"": ""2"", ""gpt5"": ""2""}"""
django__django-14730,AppMap Navie GPT 4o,2,"""VOTE: {""grok"": ""2"", ""minimax"": ""2"", ""gpt5"": ""2""}"""
django__django-14730,AutoCoderOver v20240620,2,"""VOTE: {""grok"": ""2"", ""minimax"": ""2"", ""gpt5"": ""2""}"""
django__django-14730,MoatlessToolsplusGPT4o,3,"""VOTE: {""grok"": ""3"", ""minimax"": ""2"", ""gpt5"": ""3""}"""
django__django-14730,Moatless Tools Claude 3 5 Sonnet,2,"""VOTE: {""grok"": ""4"", ""minimax"": ""2"", ""gpt5"": ""2""}"""
django__django-14730,SWEAgent Claude3 Opus,5,"""VOTE: {""grok"": ""5"", ""minimax"": ""2"", ""gpt5"": ""3""}"""
django__django-14997,Agentless GPT 4o,2,"""VOTE: {""grok"": ""2"", ""minimax"": ""1"", ""gpt5"": ""2""}"""
django__django-14997,Aider,1,"""VOTE: {""grok"": ""1"", ""minimax"": ""1"", ""gpt5"": ""2""}"""
django__django-14997,AppMap Navie GPT 4o,1,"""VOTE: {""grok"": ""1"", ""minimax"": ""1"", ""gpt5"": ""1""}"""
django__django-14997,AutoCoderOver v20240620,1,"""VOTE: {""grok"": ""1"", ""minimax"": ""2"", ""gpt5"": ""4""}"""
django__django-14997,MoatlessToolsplusGPT4o,1,"""VOTE: {""grok"": ""1"", ""minimax"": ""1"", ""gpt5"": ""2""}"""
django__django-14997,Moatless Tools Claude 3 5 Sonnet,1,"""VOTE: {""grok"": ""1"", ""minimax"": ""2"", ""gpt5"": ""1""}"""
django__django-14997,SWEAgent Claude3 Opus,2,"""VOTE: {""grok"": ""2"", ""minimax"": ""1"", ""gpt5"": ""4""}"""
django__django-15061,Agentless GPT 4o,2,"""VOTE: {""grok"": ""2"", ""minimax"": ""2"", ""gpt5"": ""2""}"""
django__django-15061,Aider,2,"""VOTE: {""grok"": ""2"", ""minimax"": ""2"", ""gpt5"": ""2""}"""
django__django-15061,AppMap Navie GPT 4o,2,"""VOTE: {""grok"": ""5"", ""minimax"": ""2"", ""gpt5"": ""2""}"""
django__django-15061,AutoCoderOver v20240620,2,"""VOTE: {""grok"": ""2"", ""minimax"": ""2"", ""gpt5"": ""2""}"""
django__django-15061,MoatlessToolsplusGPT4o,2,"""VOTE: {""grok"": ""2"", ""minimax"": ""2"", ""gpt5"": ""2""}"""
django__django-15061,Moatless Tools Claude 3 5 Sonnet,2,"""VOTE: {""grok"": ""2"", ""minimax"": ""2"", ""gpt5"": ""2""}"""
django__django-15061,SWEAgent Claude3 Opus,2,"""VOTE: {""grok"": ""2"", ""minimax"": ""2"", ""gpt5"": ""2""}"""
django__django-15202,Agentless GPT 4o,2,"""VOTE: {""grok"": ""2"", ""minimax"": ""2"", ""gpt5"": ""3""}"""
django__django-15202,Aider,2,"""VOTE: {""grok"": ""2"", ""minimax"": ""2"", ""gpt5"": ""3""}"""
django__django-15202,AppMap Navie GPT 4o,3,"""VOTE: {""grok"": ""3"", ""minimax"": ""2"", ""gpt5"": ""3""}"""
django__django-15202,AutoCoderOver v20240620,3,"""VOTE: {""grok"": ""3"", ""minimax"": ""3"", ""gpt5"": ""1""}"""
django__django-15202,MoatlessToolsplusGPT4o,3,"""VOTE: {""grok"": ""3"", ""minimax"": ""2"", ""gpt5"": ""3""}"""
django__django-15202,Moatless Tools Claude 3 5 Sonnet,3,"""VOTE: {""grok"": ""3"", ""minimax"": ""3"", ""gpt5"": ""2""}"""
django__django-15202,SWEAgent Claude3 Opus,2,"""VOTE: {""grok"": ""2"", ""minimax"": ""2"", ""gpt5"": ""2""}"""
django__django-15252,Agentless GPT 4o,3,"""VOTE: {""grok"": ""3"", ""minimax"": ""1"", ""gpt5"": ""3""}"""
django__django-15252,Aider,2,"""VOTE: {""grok"": ""3"", ""minimax"": ""2"", ""gpt5"": ""2""}"""
django__django-15252,AppMap Navie GPT 4o,3,"""VOTE: {""grok"": ""3"", ""minimax"": ""2"", ""gpt5"": ""3""}"""
django__django-15252,AutoCoderOver v20240620,2,"""VOTE: {""grok"": ""2"", ""minimax"": ""2"", ""gpt5"": ""2""}"""
django__django-15252,MoatlessToolsplusGPT4o,2,"""VOTE: {""grok"": ""2"", ""minimax"": ""2"", ""gpt5"": ""2""}"""
django__django-15252,Moatless Tools Claude 3 5 Sonnet,2,"""VOTE: {""grok"": ""2"", ""minimax"": ""2"", ""gpt5"": ""2""}"""
django__django-15252,SWEAgent Claude3 Opus,2,"""VOTE: {""grok"": ""2"", ""minimax"": ""2"", ""gpt5"": ""2""}"""
django__django-15320,Agentless GPT 4o,2,"""VOTE: {""grok"": ""2"", ""minimax"": ""1"", ""gpt5"": ""2""}"""
django__django-15320,Aider,2,"""VOTE: {""grok"": ""2"", ""minimax"": ""1"", ""gpt5"": ""2""}"""
django__django-15320,AppMap Navie GPT 4o,2,"""VOTE: {""grok"": ""2"", ""minimax"": ""2"", ""gpt5"": ""2""}"""
django__django-15320,AutoCoderOver v20240620,2,"""VOTE: {""grok"": ""2"", ""minimax"": ""1"", ""gpt5"": ""2""}"""
django__django-15320,MoatlessToolsplusGPT4o,2,"""VOTE: {""grok"": ""2"", ""minimax"": ""1"", ""gpt5"": ""2""}"""
django__django-15320,Moatless Tools Claude 3 5 Sonnet,1,"""VOTE: {""grok"": ""2"", ""minimax"": ""1"", ""gpt5"": ""1""}"""
django__django-15320,SWEAgent Claude3 Opus,1,"""VOTE: {""grok"": ""2"", ""minimax"": ""1"", ""gpt5"": ""1""}"""
django__django-15388,Agentless GPT 4o,3,"""VOTE: {""grok"": ""3"", ""minimax"": ""3"", ""gpt5"": ""3""}"""
django__django-15388,Aider,2,"""VOTE: {""grok"": ""2"", ""minimax"": ""2"", ""gpt5"": ""1""}"""
django__django-15388,AppMap Navie GPT 4o,4,"""VOTE: {""grok"": ""4"", ""minimax"": ""2"", ""gpt5"": ""3""}"""
django__django-15388,AutoCoderOver v20240620,2,"""VOTE: {""grok"": ""2"", ""minimax"": ""2"", ""gpt5"": ""2""}"""
django__django-15388,MoatlessToolsplusGPT4o,3,"""VOTE: {""grok"": ""4"", ""minimax"": ""3"", ""gpt5"": ""3""}"""
django__django-15388,Moatless Tools Claude 3 5 Sonnet,2,"""VOTE: {""grok"": ""2"", ""minimax"": ""2"", ""gpt5"": ""3""}"""
django__django-15388,SWEAgent Claude3 Opus,3,"""VOTE: {""grok"": ""3"", ""minimax"": ""6"", ""gpt5"": ""3""}"""
django__django-15400,Agentless GPT 4o,2,"""VOTE: {""grok"": ""4"", ""minimax"": ""2"", ""gpt5"": ""2""}"""
django__django-15400,Aider,2,"""VOTE: {""grok"": ""4"", ""minimax"": ""2"", ""gpt5"": ""2""}"""
django__django-15400,AppMap Navie GPT 4o,4,"""VOTE: {""grok"": ""4"", ""minimax"": ""2"", ""gpt5"": ""4""}"""
django__django-15400,AutoCoderOver v20240620,2,"""VOTE: {""grok"": ""2"", ""minimax"": ""2"", ""gpt5"": ""4""}"""
django__django-15400,MoatlessToolsplusGPT4o,2,"""VOTE: {""grok"": ""4"", ""minimax"": ""2"", ""gpt5"": ""2""}"""
django__django-15400,Moatless Tools Claude 3 5 Sonnet,2,"""VOTE: {""grok"": ""4"", ""minimax"": ""2"", ""gpt5"": ""2""}"""
django__django-15400,SWEAgent Claude3 Opus,4,"""VOTE: {""grok"": ""4"", ""minimax"": ""2"", ""gpt5"": ""4""}"""
django__django-15695,Agentless GPT 4o,2,"""VOTE: {""grok"": ""2"", ""minimax"": ""3"", ""gpt5"": ""2""}"""
django__django-15695,Aider,2,"""VOTE: {""grok"": ""2"", ""minimax"": ""3"", ""gpt5"": ""1""}"""
django__django-15695,AppMap Navie GPT 4o,2,"""VOTE: {""grok"": ""2"", ""minimax"": ""2"", ""gpt5"": ""1""}"""
django__django-15695,AutoCoderOver v20240620,2,"""VOTE: {""grok"": ""2"", ""minimax"": ""2"", ""gpt5"": ""2""}"""
django__django-15695,MoatlessToolsplusGPT4o,2,"""VOTE: {""grok"": ""2"", ""minimax"": ""2"", ""gpt5"": ""3""}"""
django__django-15695,Moatless Tools Claude 3 5 Sonnet,3,"""VOTE: {""grok"": ""3"", ""minimax"": ""3"", ""gpt5"": ""1""}"""
django__django-15695,SWEAgent Claude3 Opus,3,"""VOTE: {""grok"": ""3"", ""minimax"": ""3"", ""gpt5"": ""3""}"""
django__django-15819,Agentless GPT 4o,3,"""VOTE: {""grok"": ""3"", ""minimax"": ""2"", ""gpt5"": ""3""}"""
django__django-15819,Aider,3,"""VOTE: {""grok"": ""3"", ""minimax"": ""2"", ""gpt5"": ""1""}"""
django__django-15819,AppMap Navie GPT 4o,2,"""VOTE: {""grok"": ""2"", ""minimax"": ""2"", ""gpt5"": ""3""}"""
django__django-15819,AutoCoderOver v20240620,3,"""VOTE: {""grok"": ""3"", ""minimax"": ""2"", ""gpt5"": ""3""}"""
django__django-15819,MoatlessToolsplusGPT4o,3,"""VOTE: {""grok"": ""3"", ""minimax"": ""1"", ""gpt5"": ""3""}"""
django__django-15819,Moatless Tools Claude 3 5 Sonnet,3,"""VOTE: {""grok"": ""3"", ""minimax"": ""2"", ""gpt5"": ""3""}"""
django__django-15819,SWEAgent Claude3 Opus,3,"""VOTE: {""grok"": ""3"", ""minimax"": ""2"", ""gpt5"": ""3""}"""
django__django-15996,Agentless GPT 4o,5,"""VOTE: {""grok"": ""5"", ""minimax"": ""5"", ""gpt5"": ""1""}"""
django__django-15996,Aider,3,"""VOTE: {""grok"": ""3"", ""minimax"": ""5"", ""gpt5"": ""1""}"""
django__django-15996,AppMap Navie GPT 4o,5,"""VOTE: {""grok"": ""5"", ""minimax"": ""1"", ""gpt5"": ""5""}"""
django__django-15996,AutoCoderOver v20240620,5,"""VOTE: {""grok"": ""5"", ""minimax"": ""5"", ""gpt5"": ""5""}"""
django__django-15996,MoatlessToolsplusGPT4o,5,"""VOTE: {""grok"": ""5"", ""minimax"": ""1"", ""gpt5"": ""3""}"""
django__django-15996,Moatless Tools Claude 3 5 Sonnet,5,"""VOTE: {""grok"": ""5"", ""minimax"": ""1"", ""gpt5"": ""5""}"""
django__django-15996,SWEAgent Claude3 Opus,1,"""VOTE: {""grok"": ""1"", ""minimax"": ""2"", ""gpt5"": ""1""}"""
django__django-16229,Agentless GPT 4o,1,"""VOTE: {""grok"": ""1"", ""minimax"": ""2"", ""gpt5"": ""1""}"""
django__django-16229,Aider,2,"""VOTE: {""grok"": ""2"", ""minimax"": ""2"", ""gpt5"": ""2""}"""
django__django-16229,AppMap Navie GPT 4o,4,"""VOTE: {""grok"": ""4"", ""minimax"": ""1"", ""gpt5"": ""2""}"""
django__django-16229,AutoCoderOver v20240620,2,"""VOTE: {""grok"": ""4"", ""minimax"": ""2"", ""gpt5"": ""2""}"""
django__django-16229,MoatlessToolsplusGPT4o,2,"""VOTE: {""grok"": ""2"", ""minimax"": ""2"", ""gpt5"": ""2""}"""
django__django-16229,Moatless Tools Claude 3 5 Sonnet,2,"""VOTE: {""grok"": ""2"", ""minimax"": ""2"", ""gpt5"": ""2""}"""
django__django-16229,SWEAgent Claude3 Opus,2,"""VOTE: {""grok"": ""2"", ""minimax"": ""2"", ""gpt5"": ""1""}"""
django__django-16408,Agentless GPT 4o,2,"""VOTE: {""grok"": ""2"", ""minimax"": ""2"", ""gpt5"": ""2""}"""
django__django-16408,Aider,2,"""VOTE: {""grok"": ""2"", ""minimax"": ""3"", ""gpt5"": ""2""}"""
django__django-16408,AppMap Navie GPT 4o,2,"""VOTE: {""grok"": ""3"", ""minimax"": ""2"", ""gpt5"": ""2""}"""
django__django-16408,AutoCoderOver v20240620,2,"""VOTE: {""grok"": ""4"", ""minimax"": ""2"", ""gpt5"": ""2""}"""
django__django-16408,MoatlessToolsplusGPT4o,3,"""VOTE: {""grok"": ""3"", ""minimax"": ""2"", ""gpt5"": ""3""}"""
django__django-16408,Moatless Tools Claude 3 5 Sonnet,2,"""VOTE: {""grok"": ""2"", ""minimax"": ""2"", ""gpt5"": ""2""}"""
django__django-16408,SWEAgent Claude3 Opus,2,"""VOTE: {""grok"": ""2"", ""minimax"": ""2"", ""gpt5"": ""3""}"""
django__django-16816,Agentless GPT 4o,3,"""VOTE: {""grok"": ""3"", ""minimax"": ""1"", ""gpt5"": ""3""}"""
django__django-16816,Aider,2,"""VOTE: {""grok"": ""2"", ""minimax"": ""2"", ""gpt5"": ""2""}"""
django__django-16816,AppMap Navie GPT 4o,3,"""VOTE: {""grok"": ""3"", ""minimax"": ""2"", ""gpt5"": ""3""}"""
django__django-16816,AutoCoderOver v20240620,2,"""VOTE: {""grok"": ""1"", ""minimax"": ""2"", ""gpt5"": ""2""}"""
django__django-16816,MoatlessToolsplusGPT4o,4,"""VOTE: {""grok"": ""4"", ""minimax"": ""4"", ""gpt5"": ""2""}"""
django__django-16816,Moatless Tools Claude 3 5 Sonnet,3,"""VOTE: {""grok"": ""3"", ""minimax"": ""1"", ""gpt5"": ""3""}"""
django__django-16816,SWEAgent Claude3 Opus,2,"""VOTE: {""grok"": ""2"", ""minimax"": ""2"", ""gpt5"": ""1""}"""
django__django-16910,Agentless GPT 4o,1,"""VOTE: {""grok"": ""1"", ""minimax"": ""2"", ""gpt5"": ""1""}"""
django__django-16910,Aider,2,"""VOTE: {""grok"": ""2"", ""minimax"": ""1"", ""gpt5"": ""2""}"""
django__django-16910,AppMap Navie GPT 4o,2,"""VOTE: {""grok"": ""2"", ""minimax"": ""3"", ""gpt5"": ""1""}"""
django__django-16910,AutoCoderOver v20240620,2,"""VOTE: {""grok"": ""2"", ""minimax"": ""2"", ""gpt5"": ""2""}"""
django__django-16910,MoatlessToolsplusGPT4o,1,"""VOTE: {""grok"": ""1"", ""minimax"": ""1"", ""gpt5"": ""1""}"""
django__django-16910,Moatless Tools Claude 3 5 Sonnet,2,"""VOTE: {""grok"": ""1"", ""minimax"": ""2"", ""gpt5"": ""2""}"""
django__django-16910,SWEAgent Claude3 Opus,1,"""VOTE: {""grok"": ""1"", ""minimax"": ""1"", ""gpt5"": ""1""}"""
matplotlib__matplotlib-18869,Agentless GPT 4o,2,"""VOTE: {""grok"": ""1"", ""minimax"": ""2"", ""gpt5"": ""2""}"""
matplotlib__matplotlib-18869,Aider,5,"""VOTE: {""grok"": ""5"", ""minimax"": ""1"", ""gpt5"": ""2""}"""
matplotlib__matplotlib-18869,AppMap Navie GPT 4o,1,"""VOTE: {""grok"": ""1"", ""minimax"": ""2"", ""gpt5"": ""1""}"""
matplotlib__matplotlib-18869,AutoCoderOver v20240620,2,"""VOTE: {""grok"": ""1"", ""minimax"": ""2"", ""gpt5"": ""2""}"""
matplotlib__matplotlib-18869,MoatlessToolsplusGPT4o,2,"""VOTE: {""grok"": ""2"", ""minimax"": ""1"", ""gpt5"": ""2""}"""
matplotlib__matplotlib-18869,Moatless Tools Claude 3 5 Sonnet,1,"""VOTE: {""grok"": ""1"", ""minimax"": ""1"", ""gpt5"": ""2""}"""
matplotlib__matplotlib-18869,SWEAgent Claude3 Opus,1,"""VOTE: {""grok"": ""1"", ""minimax"": ""2"", ""gpt5"": ""1""}"""
matplotlib__matplotlib-22835,Agentless GPT 4o,3,"""VOTE: {""grok"": ""3"", ""minimax"": ""3"", ""gpt5"": ""3""}"""
matplotlib__matplotlib-22835,Aider,3,"""VOTE: {""grok"": ""3"", ""minimax"": ""3"", ""gpt5"": ""3""}"""
matplotlib__matplotlib-22835,AppMap Navie GPT 4o,3,"""VOTE: {""grok"": ""3"", ""minimax"": ""3"", ""gpt5"": ""3""}"""
matplotlib__matplotlib-22835,AutoCoderOver v20240620,3,"""VOTE: {""grok"": ""3"", ""minimax"": ""3"", ""gpt5"": ""3""}"""
matplotlib__matplotlib-22835,MoatlessToolsplusGPT4o,2,"""VOTE: {""grok"": ""2"", ""minimax"": ""1"", ""gpt5"": ""3""}"""
matplotlib__matplotlib-22835,Moatless Tools Claude 3 5 Sonnet,3,"""VOTE: {""grok"": ""3"", ""minimax"": ""2"", ""gpt5"": ""3""}"""
matplotlib__matplotlib-22835,SWEAgent Claude3 Opus,3,"""VOTE: {""grok"": ""3"", ""minimax"": ""2"", ""gpt5"": ""3""}"""
matplotlib__matplotlib-23299,Agentless GPT 4o,2,"""VOTE: {""grok"": ""4"", ""minimax"": ""2"", ""gpt5"": ""2""}"""
matplotlib__matplotlib-23299,Aider,2,"""VOTE: {""grok"": ""2"", ""minimax"": ""2"", ""gpt5"": ""2""}"""
matplotlib__matplotlib-23299,AppMap Navie GPT 4o,2,"""VOTE: {""grok"": ""2"", ""minimax"": ""2"", ""gpt5"": ""2""}"""
matplotlib__matplotlib-23299,AutoCoderOver v20240620,2,"""VOTE: {""grok"": ""2"", ""minimax"": ""2"", ""gpt5"": ""2""}"""
matplotlib__matplotlib-23299,MoatlessToolsplusGPT4o,2,"""VOTE: {""grok"": ""2"", ""minimax"": ""2"", ""gpt5"": ""2""}"""
matplotlib__matplotlib-23299,Moatless Tools Claude 3 5 Sonnet,2,"""VOTE: {""grok"": ""2"", ""minimax"": ""2"", ""gpt5"": ""2""}"""
matplotlib__matplotlib-23299,SWEAgent Claude3 Opus,2,"""VOTE: {""grok"": ""1"", ""minimax"": ""2"", ""gpt5"": ""2""}"""
matplotlib__matplotlib-23987,Agentless GPT 4o,2,"""VOTE: {""grok"": ""2"", ""minimax"": ""2"", ""gpt5"": ""2""}"""
matplotlib__matplotlib-23987,Aider,2,"""VOTE: {""grok"": ""2"", ""minimax"": ""2"", ""gpt5"": ""3""}"""
matplotlib__matplotlib-23987,AppMap Navie GPT 4o,2,"""VOTE: {""grok"": ""2"", ""minimax"": ""2"", ""gpt5"": ""2""}"""
matplotlib__matplotlib-23987,AutoCoderOver v20240620,2,"""VOTE: {""grok"": ""4"", ""minimax"": ""2"", ""gpt5"": ""2""}"""
matplotlib__matplotlib-23987,MoatlessToolsplusGPT4o,2,"""VOTE: {""grok"": ""2"", ""minimax"": ""2"", ""gpt5"": ""2""}"""
matplotlib__matplotlib-23987,Moatless Tools Claude 3 5 Sonnet,2,"""VOTE: {""grok"": ""2"", ""minimax"": ""2"", ""gpt5"": ""2""}"""
matplotlib__matplotlib-23987,SWEAgent Claude3 Opus,2,"""VOTE: {""grok"": ""2"", ""minimax"": ""2"", ""gpt5"": ""3""}"""
matplotlib__matplotlib-25079,Agentless GPT 4o,2,"""VOTE: {""grok"": ""2"", ""minimax"": ""2"", ""gpt5"": ""2""}"""
matplotlib__matplotlib-25079,Aider,2,"""VOTE: {""grok"": ""2"", ""minimax"": ""2"", ""gpt5"": ""2""}"""
matplotlib__matplotlib-25079,AppMap Navie GPT 4o,2,"""VOTE: {""grok"": ""4"", ""minimax"": ""2"", ""gpt5"": ""2""}"""
matplotlib__matplotlib-25079,AutoCoderOver v20240620,2,"""VOTE: {""grok"": ""3"", ""minimax"": ""2"", ""gpt5"": ""2""}"""
matplotlib__matplotlib-25079,MoatlessToolsplusGPT4o,2,"""VOTE: {""grok"": ""2"", ""minimax"": ""2"", ""gpt5"": ""2""}"""
matplotlib__matplotlib-25079,Moatless Tools Claude 3 5 Sonnet,2,"""VOTE: {""grok"": ""2"", ""minimax"": ""3"", ""gpt5"": ""2""}"""
matplotlib__matplotlib-25079,SWEAgent Claude3 Opus,2,"""VOTE: {""grok"": ""2"", ""minimax"": ""2"", ""gpt5"": ""2""}"""
matplotlib__matplotlib-25311,Agentless GPT 4o,1,"""VOTE: {""grok"": ""1"", ""minimax"": ""1"", ""gpt5"": ""1""}"""
matplotlib__matplotlib-25311,Aider,4,"""VOTE: {""grok"": ""4"", ""minimax"": ""1"", ""gpt5"": ""2""}"""
matplotlib__matplotlib-25311,AppMap Navie GPT 4o,1,"""VOTE: {""grok"": ""2"", ""minimax"": ""1"", ""gpt5"": ""1""}"""
matplotlib__matplotlib-25311,AutoCoderOver v20240620,1,"""VOTE: {""grok"": ""1"", ""minimax"": ""1"", ""gpt5"": ""1""}"""
matplotlib__matplotlib-25311,MoatlessToolsplusGPT4o,1,"""VOTE: {""grok"": ""1"", ""minimax"": ""1"", ""gpt5"": ""1""}"""
matplotlib__matplotlib-25311,Moatless Tools Claude 3 5 Sonnet,1,"""VOTE: {""grok"": ""1"", ""minimax"": ""1"", ""gpt5"": ""1""}"""
matplotlib__matplotlib-25311,SWEAgent Claude3 Opus,2,"""VOTE: {""grok"": ""3"", ""minimax"": ""2"", ""gpt5"": ""2""}"""
matplotlib__matplotlib-25332,Agentless GPT 4o,1,"""VOTE: {""grok"": ""4"", ""minimax"": ""1"", ""gpt5"": ""1""}"""
matplotlib__matplotlib-25332,Aider,1,"""VOTE: {""grok"": ""1"", ""minimax"": ""1"", ""gpt5"": ""1""}"""
matplotlib__matplotlib-25332,AppMap Navie GPT 4o,1,"""VOTE: {""grok"": ""1"", ""minimax"": ""2"", ""gpt5"": ""1""}"""
matplotlib__matplotlib-25332,AutoCoderOver v20240620,2,"""VOTE: {""grok"": ""1"", ""minimax"": ""2"", ""gpt5"": ""2""}"""
matplotlib__matplotlib-25332,MoatlessToolsplusGPT4o,1,"""VOTE: {""grok"": ""4"", ""minimax"": ""1"", ""gpt5"": ""1""}"""
matplotlib__matplotlib-25332,Moatless Tools Claude 3 5 Sonnet,1,"""VOTE: {""grok"": ""2"", ""minimax"": ""1"", ""gpt5"": ""1""}"""
matplotlib__matplotlib-25332,SWEAgent Claude3 Opus,2,"""VOTE: {""grok"": ""1"", ""minimax"": ""2"", ""gpt5"": ""2""}"""
matplotlib__matplotlib-25433,Agentless GPT 4o,2,"""VOTE: {""grok"": ""4"", ""minimax"": ""2"", ""gpt5"": ""2""}"""
matplotlib__matplotlib-25433,Aider,2,"""VOTE: {""grok"": ""4"", ""minimax"": ""2"", ""gpt5"": ""2""}"""
matplotlib__matplotlib-25433,AppMap Navie GPT 4o,2,"""VOTE: {""grok"": ""4"", ""minimax"": ""2"", ""gpt5"": ""2""}"""
matplotlib__matplotlib-25433,AutoCoderOver v20240620,2,"""VOTE: {""grok"": ""2"", ""minimax"": ""2"", ""gpt5"": ""2""}"""
matplotlib__matplotlib-25433,MoatlessToolsplusGPT4o,2,"""VOTE: {""grok"": ""4"", ""minimax"": ""2"", ""gpt5"": ""2""}"""
matplotlib__matplotlib-25433,Moatless Tools Claude 3 5 Sonnet,2,"""VOTE: {""grok"": ""2"", ""minimax"": ""2"", ""gpt5"": ""2""}"""
matplotlib__matplotlib-25433,SWEAgent Claude3 Opus,2,"""VOTE: {""grok"": ""2"", ""minimax"": ""2"", ""gpt5"": ""2""}"""
matplotlib__matplotlib-25498,Agentless GPT 4o,3,"""VOTE: {""grok"": ""3"", ""minimax"": ""1"", ""gpt5"": ""3""}"""
matplotlib__matplotlib-25498,Aider,2,"""VOTE: {""grok"": ""3"", ""minimax"": ""2"", ""gpt5"": ""2""}"""
matplotlib__matplotlib-25498,AppMap Navie GPT 4o,2,"""VOTE: {""grok"": ""2"", ""minimax"": ""2"", ""gpt5"": ""2""}"""
matplotlib__matplotlib-25498,AutoCoderOver v20240620,1,"""VOTE: {""grok"": ""1"", ""minimax"": ""1"", ""gpt5"": ""1""}"""
matplotlib__matplotlib-25498,MoatlessToolsplusGPT4o,4,"""VOTE: {""grok"": ""4"", ""minimax"": ""2"", ""gpt5"": ""3""}"""
matplotlib__matplotlib-25498,Moatless Tools Claude 3 5 Sonnet,1,"""VOTE: {""grok"": ""1"", ""minimax"": ""2"", ""gpt5"": ""1""}"""
matplotlib__matplotlib-25498,SWEAgent Claude3 Opus,3,"""VOTE: {""grok"": ""3"", ""minimax"": ""3"", ""gpt5"": ""3""}"""
pallets__flask-4045,Agentless GPT 4o,3,"""VOTE: {""grok"": ""3"", ""minimax"": ""2"", ""gpt5"": ""3""}"""
pallets__flask-4045,Aider,3,"""VOTE: {""grok"": ""3"", ""minimax"": ""2"", ""gpt5"": ""3""}"""
pallets__flask-4045,AppMap Navie GPT 4o,2,"""VOTE: {""grok"": ""2"", ""minimax"": ""2"", ""gpt5"": ""3""}"""
pallets__flask-4045,AutoCoderOver v20240620,3,"""VOTE: {""grok"": ""3"", ""minimax"": ""2"", ""gpt5"": ""3""}"""
pallets__flask-4045,MoatlessToolsplusGPT4o,2,"""VOTE: {""grok"": ""2"", ""minimax"": ""2"", ""gpt5"": ""3""}"""
pallets__flask-4045,Moatless Tools Claude 3 5 Sonnet,3,"""VOTE: {""grok"": ""3"", ""minimax"": ""2"", ""gpt5"": ""3""}"""
pallets__flask-4045,SWEAgent Claude3 Opus,2,"""VOTE: {""grok"": ""2"", ""minimax"": ""2"", ""gpt5"": ""2""}"""
pallets__flask-4992,Agentless GPT 4o,2,"""VOTE: {""grok"": ""2"", ""minimax"": ""2"", ""gpt5"": ""2""}"""
pallets__flask-4992,Aider,2,"""VOTE: {""grok"": ""2"", ""minimax"": ""2"", ""gpt5"": ""2""}"""
pallets__flask-4992,AppMap Navie GPT 4o,2,"""VOTE: {""grok"": ""1"", ""minimax"": ""2"", ""gpt5"": ""2""}"""
pallets__flask-4992,AutoCoderOver v20240620,2,"""VOTE: {""grok"": ""2"", ""minimax"": ""2"", ""gpt5"": ""2""}"""
pallets__flask-4992,MoatlessToolsplusGPT4o,2,"""VOTE: {""grok"": ""2"", ""minimax"": ""2"", ""gpt5"": ""2""}"""
pallets__flask-4992,Moatless Tools Claude 3 5 Sonnet,2,"""VOTE: {""grok"": ""2"", ""minimax"": ""2"", ""gpt5"": ""2""}"""
pallets__flask-4992,SWEAgent Claude3 Opus,2,"""VOTE: {""grok"": ""2"", ""minimax"": ""1"", ""gpt5"": ""2""}"""
pallets__flask-5063,Agentless GPT 4o,1,"""VOTE: {""grok"": ""1"", ""minimax"": ""1"", ""gpt5"": ""1""}"""
pallets__flask-5063,Aider,1,"""VOTE: {""grok"": ""3"", ""minimax"": ""1"", ""gpt5"": ""1""}"""
pallets__flask-5063,AppMap Navie GPT 4o,1,"""VOTE: {""grok"": ""4"", ""minimax"": ""1"", ""gpt5"": ""1""}"""
pallets__flask-5063,AutoCoderOver v20240620,2,"""VOTE: {""grok"": ""2"", ""minimax"": ""2"", ""gpt5"": ""2""}"""
pallets__flask-5063,MoatlessToolsplusGPT4o,2,"""VOTE: {""grok"": ""2"", ""minimax"": ""1"", ""gpt5"": ""2""}"""
pallets__flask-5063,Moatless Tools Claude 3 5 Sonnet,1,"""VOTE: {""grok"": ""1"", ""minimax"": ""1"", ""gpt5"": ""1""}"""
pallets__flask-5063,SWEAgent Claude3 Opus,1,"""VOTE: {""grok"": ""1"", ""minimax"": ""1"", ""gpt5"": ""1""}"""
psf__requests-2148,Agentless GPT 4o,2,"""VOTE: {""grok"": ""2"", ""minimax"": ""2"", ""gpt5"": ""2""}"""
psf__requests-2148,Aider,3,"""VOTE: {""grok"": ""3"", ""minimax"": ""3"", ""gpt5"": ""2""}"""
psf__requests-2148,AppMap Navie GPT 4o,3,"""VOTE: {""grok"": ""2"", ""minimax"": ""3"", ""gpt5"": ""3""}"""
psf__requests-2148,AutoCoderOver v20240620,2,"""VOTE: {""grok"": ""2"", ""minimax"": ""3"", ""gpt5"": ""2""}"""
psf__requests-2148,MoatlessToolsplusGPT4o,2,"""VOTE: {""grok"": ""2"", ""minimax"": ""2"", ""gpt5"": ""3""}"""
psf__requests-2148,Moatless Tools Claude 3 5 Sonnet,2,"""VOTE: {""grok"": ""2"", ""minimax"": ""2"", ""gpt5"": ""3""}"""
psf__requests-2148,SWEAgent Claude3 Opus,3,"""VOTE: {""grok"": ""5"", ""minimax"": ""3"", ""gpt5"": ""3""}"""
pydata__xarray-3364,Agentless GPT 4o,1,"""VOTE: {""grok"": ""1"", ""minimax"": ""6"", ""gpt5"": ""3""}"""
pydata__xarray-3364,Aider,1,"""VOTE: {""grok"": ""1"", ""minimax"": ""1"", ""gpt5"": ""1""}"""
pydata__xarray-3364,AppMap Navie GPT 4o,1,"""VOTE: {""grok"": ""2"", ""minimax"": ""1"", ""gpt5"": ""1""}"""
pydata__xarray-3364,AutoCoderOver v20240620,2,"""VOTE: {""grok"": ""2"", ""minimax"": ""2"", ""gpt5"": ""2""}"""
pydata__xarray-3364,MoatlessToolsplusGPT4o,1,"""VOTE: {""grok"": ""2"", ""minimax"": ""1"", ""gpt5"": ""1""}"""
pydata__xarray-3364,Moatless Tools Claude 3 5 Sonnet,2,"""VOTE: {""grok"": ""2"", ""minimax"": ""3"", ""gpt5"": ""2""}"""
pydata__xarray-3364,SWEAgent Claude3 Opus,1,"""VOTE: {""grok"": ""1"", ""minimax"": ""2"", ""gpt5"": ""1""}"""
pydata__xarray-4094,Agentless GPT 4o,1,"""VOTE: {""grok"": ""1"", ""minimax"": ""1"", ""gpt5"": ""1""}"""
pydata__xarray-4094,Aider,1,"""VOTE: {""grok"": ""1"", ""minimax"": ""1"", ""gpt5"": ""1""}"""
pydata__xarray-4094,AppMap Navie GPT 4o,2,"""VOTE: {""grok"": ""2"", ""minimax"": ""2"", ""gpt5"": ""2""}"""
pydata__xarray-4094,AutoCoderOver v20240620,1,"""VOTE: {""grok"": ""1"", ""minimax"": ""1"", ""gpt5"": ""1""}"""
pydata__xarray-4094,MoatlessToolsplusGPT4o,1,"""VOTE: {""grok"": ""1"", ""minimax"": ""1"", ""gpt5"": ""1""}"""
pydata__xarray-4094,Moatless Tools Claude 3 5 Sonnet,1,"""VOTE: {""grok"": ""1"", ""minimax"": ""1"", ""gpt5"": ""1""}"""
pydata__xarray-4094,SWEAgent Claude3 Opus,1,"""VOTE: {""grok"": ""1"", ""minimax"": ""1"", ""gpt5"": ""1""}"""
pydata__xarray-4248,Agentless GPT 4o,2,"""VOTE: {""grok"": ""2"", ""minimax"": ""1"", ""gpt5"": ""3""}"""
pydata__xarray-4248,Aider,4,"""VOTE: {""grok"": ""4"", ""minimax"": ""2"", ""gpt5"": ""3""}"""
pydata__xarray-4248,AppMap Navie GPT 4o,3,"""VOTE: {""grok"": ""3"", ""minimax"": ""2"", ""gpt5"": ""3""}"""
pydata__xarray-4248,AutoCoderOver v20240620,2,"""VOTE: {""grok"": ""2"", ""minimax"": ""2"", ""gpt5"": ""1""}"""
pydata__xarray-4248,MoatlessToolsplusGPT4o,2,"""VOTE: {""grok"": ""4"", ""minimax"": ""2"", ""gpt5"": ""2""}"""
pydata__xarray-4248,Moatless Tools Claude 3 5 Sonnet,1,"""VOTE: {""grok"": ""3"", ""minimax"": ""1"", ""gpt5"": ""1""}"""
pydata__xarray-4248,SWEAgent Claude3 Opus,4,"""VOTE: {""grok"": ""4"", ""minimax"": ""1"", ""gpt5"": ""3""}"""
pydata__xarray-4493,Agentless GPT 4o,1,"""VOTE: {""grok"": ""2"", ""minimax"": ""1"", ""gpt5"": ""1""}"""
pydata__xarray-4493,Aider,4,"""VOTE: {""grok"": ""4"", ""minimax"": ""2"", ""gpt5"": ""1""}"""
pydata__xarray-4493,AppMap Navie GPT 4o,1,"""VOTE: {""grok"": ""1"", ""minimax"": ""1"", ""gpt5"": ""2""}"""
pydata__xarray-4493,AutoCoderOver v20240620,1,"""VOTE: {""grok"": ""2"", ""minimax"": ""1"", ""gpt5"": ""1""}"""
pydata__xarray-4493,MoatlessToolsplusGPT4o,2,"""VOTE: {""grok"": ""1"", ""minimax"": ""2"", ""gpt5"": ""2""}"""
pydata__xarray-4493,Moatless Tools Claude 3 5 Sonnet,2,"""VOTE: {""grok"": ""2"", ""minimax"": ""2"", ""gpt5"": ""2""}"""
pydata__xarray-4493,SWEAgent Claude3 Opus,2,"""VOTE: {""grok"": ""2"", ""minimax"": ""2"", ""gpt5"": ""1""}"""
pylint-dev__pylint-7080,Agentless GPT 4o,1,"""VOTE: {""grok"": ""1"", ""minimax"": ""1"", ""gpt5"": ""2""}"""
pylint-dev__pylint-7080,Aider,1,"""VOTE: {""grok"": ""1"", ""minimax"": ""1"", ""gpt5"": ""2""}"""
pylint-dev__pylint-7080,AppMap Navie GPT 4o,1,"""VOTE: {""grok"": ""1"", ""minimax"": ""1"", ""gpt5"": ""2""}"""
pylint-dev__pylint-7080,AutoCoderOver v20240620,2,"""VOTE: {""grok"": ""1"", ""minimax"": ""2"", ""gpt5"": ""2""}"""
pylint-dev__pylint-7080,MoatlessToolsplusGPT4o,2,"""VOTE: {""grok"": ""1"", ""minimax"": ""2"", ""gpt5"": ""2""}"""
pylint-dev__pylint-7080,Moatless Tools Claude 3 5 Sonnet,1,"""VOTE: {""grok"": ""1"", ""minimax"": ""1"", ""gpt5"": ""1""}"""
pylint-dev__pylint-7080,SWEAgent Claude3 Opus,5,"""VOTE: {""grok"": ""5"", ""minimax"": ""1"", ""gpt5"": ""2""}"""
pylint-dev__pylint-7993,Agentless GPT 4o,1,"""VOTE: {""grok"": ""1"", ""minimax"": ""1"", ""gpt5"": ""1""}"""
pylint-dev__pylint-7993,Aider,1,"""VOTE: {""grok"": ""1"", ""minimax"": ""1"", ""gpt5"": ""1""}"""
pylint-dev__pylint-7993,AppMap Navie GPT 4o,1,"""VOTE: {""grok"": ""2"", ""minimax"": ""1"", ""gpt5"": ""1""}"""
pylint-dev__pylint-7993,AutoCoderOver v20240620,1,"""VOTE: {""grok"": ""4"", ""minimax"": ""1"", ""gpt5"": ""1""}"""
pylint-dev__pylint-7993,MoatlessToolsplusGPT4o,1,"""VOTE: {""grok"": ""1"", ""minimax"": ""1"", ""gpt5"": ""1""}"""
pylint-dev__pylint-7993,Moatless Tools Claude 3 5 Sonnet,1,"""VOTE: {""grok"": ""1"", ""minimax"": ""2"", ""gpt5"": ""1""}"""
pylint-dev__pylint-7993,SWEAgent Claude3 Opus,1,"""VOTE: {""grok"": ""1"", ""minimax"": ""1"", ""gpt5"": ""1""}"""
pytest-dev__pytest-5103,Agentless GPT 4o,2,"""VOTE: {""grok"": ""2"", ""minimax"": ""2"", ""gpt5"": ""2""}"""
pytest-dev__pytest-5103,Aider,1,"""VOTE: {""grok"": ""1"", ""minimax"": ""1"", ""gpt5"": ""1""}"""
pytest-dev__pytest-5103,AppMap Navie GPT 4o,1,"""VOTE: {""grok"": ""1"", ""minimax"": ""1"", ""gpt5"": ""1""}"""
pytest-dev__pytest-5103,AutoCoderOver v20240620,2,"""VOTE: {""grok"": ""2"", ""minimax"": ""3"", ""gpt5"": ""1""}"""
pytest-dev__pytest-5103,MoatlessToolsplusGPT4o,2,"""VOTE: {""grok"": ""2"", ""minimax"": ""2"", ""gpt5"": ""4""}"""
pytest-dev__pytest-5103,Moatless Tools Claude 3 5 Sonnet,2,"""VOTE: {""grok"": ""2"", ""minimax"": ""2"", ""gpt5"": ""2""}"""
pytest-dev__pytest-5103,SWEAgent Claude3 Opus,2,"""VOTE: {""grok"": ""2"", ""minimax"": ""2"", ""gpt5"": ""2""}"""
pytest-dev__pytest-5221,Agentless GPT 4o,2,"""VOTE: {""grok"": ""2"", ""minimax"": ""2"", ""gpt5"": ""2""}"""
pytest-dev__pytest-5221,Aider,2,"""VOTE: {""grok"": ""4"", ""minimax"": ""2"", ""gpt5"": ""2""}"""
pytest-dev__pytest-5221,AppMap Navie GPT 4o,2,"""VOTE: {""grok"": ""2"", ""minimax"": ""2"", ""gpt5"": ""2""}"""
pytest-dev__pytest-5221,AutoCoderOver v20240620,2,"""VOTE: {""grok"": ""2"", ""minimax"": ""2"", ""gpt5"": ""2""}"""
pytest-dev__pytest-5221,MoatlessToolsplusGPT4o,2,"""VOTE: {""grok"": ""2"", ""minimax"": ""2"", ""gpt5"": ""2""}"""
pytest-dev__pytest-5221,Moatless Tools Claude 3 5 Sonnet,4,"""VOTE: {""grok"": ""4"", ""minimax"": ""2"", ""gpt5"": ""1""}"""
pytest-dev__pytest-5221,SWEAgent Claude3 Opus,2,"""VOTE: {""grok"": ""2"", ""minimax"": ""2"", ""gpt5"": ""2""}"""
pytest-dev__pytest-6116,Agentless GPT 4o,2,"""VOTE: {""grok"": ""2"", ""minimax"": ""2"", ""gpt5"": ""2""}"""
pytest-dev__pytest-6116,Aider,2,"""VOTE: {""grok"": ""2"", ""minimax"": ""2"", ""gpt5"": ""2""}"""
pytest-dev__pytest-6116,AppMap Navie GPT 4o,2,"""VOTE: {""grok"": ""2"", ""minimax"": ""2"", ""gpt5"": ""2""}"""
pytest-dev__pytest-6116,AutoCoderOver v20240620,2,"""VOTE: {""grok"": ""2"", ""minimax"": ""4"", ""gpt5"": ""2""}"""
pytest-dev__pytest-6116,MoatlessToolsplusGPT4o,2,"""VOTE: {""grok"": ""2"", ""minimax"": ""2"", ""gpt5"": ""2""}"""
pytest-dev__pytest-6116,Moatless Tools Claude 3 5 Sonnet,2,"""VOTE: {""grok"": ""2"", ""minimax"": ""2"", ""gpt5"": ""2""}"""
pytest-dev__pytest-6116,SWEAgent Claude3 Opus,2,"""VOTE: {""grok"": ""2"", ""minimax"": ""2"", ""gpt5"": ""2""}"""
pytest-dev__pytest-7168,Agentless GPT 4o,3,"""VOTE: {""grok"": ""3"", ""minimax"": ""3"", ""gpt5"": ""3""}"""
pytest-dev__pytest-7168,Aider,3,"""VOTE: {""grok"": ""3"", ""minimax"": ""2"", ""gpt5"": ""3""}"""
pytest-dev__pytest-7168,AppMap Navie GPT 4o,3,"""VOTE: {""grok"": ""3"", ""minimax"": ""3"", ""gpt5"": ""1""}"""
pytest-dev__pytest-7168,AutoCoderOver v20240620,3,"""VOTE: {""grok"": ""3"", ""minimax"": ""3"", ""gpt5"": ""3""}"""
pytest-dev__pytest-7168,MoatlessToolsplusGPT4o,2,"""VOTE: {""grok"": ""2"", ""minimax"": ""1"", ""gpt5"": ""3""}"""
pytest-dev__pytest-7168,Moatless Tools Claude 3 5 Sonnet,3,"""VOTE: {""grok"": ""3"", ""minimax"": ""3"", ""gpt5"": ""3""}"""
pytest-dev__pytest-7168,SWEAgent Claude3 Opus,3,"""VOTE: {""grok"": ""3"", ""minimax"": ""3"", ""gpt5"": ""3""}"""
pytest-dev__pytest-8365,Agentless GPT 4o,1,"""VOTE: {""grok"": ""3"", ""minimax"": ""1"", ""gpt5"": ""1""}"""
pytest-dev__pytest-8365,Aider,2,"""VOTE: {""grok"": ""2"", ""minimax"": ""3"", ""gpt5"": ""1""}"""
pytest-dev__pytest-8365,AppMap Navie GPT 4o,3,"""VOTE: {""grok"": ""3"", ""minimax"": ""2"", ""gpt5"": ""1""}"""
pytest-dev__pytest-8365,AutoCoderOver v20240620,2,"""VOTE: {""grok"": ""2"", ""minimax"": ""2"", ""gpt5"": ""1""}"""
pytest-dev__pytest-8365,MoatlessToolsplusGPT4o,1,"""VOTE: {""grok"": ""1"", ""minimax"": ""1"", ""gpt5"": ""1""}"""
pytest-dev__pytest-8365,Moatless Tools Claude 3 5 Sonnet,1,"""VOTE: {""grok"": ""3"", ""minimax"": ""1"", ""gpt5"": ""1""}"""
pytest-dev__pytest-8365,SWEAgent Claude3 Opus,3,"""VOTE: {""grok"": ""3"", ""minimax"": ""1"", ""gpt5"": ""3""}"""
pytest-dev__pytest-9359,Agentless GPT 4o,5,"""VOTE: {""grok"": ""5"", ""minimax"": ""2"", ""gpt5"": ""1""}"""
pytest-dev__pytest-9359,Aider,5,"""VOTE: {""grok"": ""5"", ""minimax"": ""1"", ""gpt5"": ""2""}"""
pytest-dev__pytest-9359,AppMap Navie GPT 4o,1,"""VOTE: {""grok"": ""5"", ""minimax"": ""1"", ""gpt5"": ""1""}"""
pytest-dev__pytest-9359,AutoCoderOver v20240620,5,"""VOTE: {""grok"": ""5"", ""minimax"": ""1"", ""gpt5"": ""2""}"""
pytest-dev__pytest-9359,MoatlessToolsplusGPT4o,1,"""VOTE: {""grok"": ""1"", ""minimax"": ""1"", ""gpt5"": ""5""}"""
pytest-dev__pytest-9359,Moatless Tools Claude 3 5 Sonnet,4,"""VOTE: {""grok"": ""4"", ""minimax"": ""3"", ""gpt5"": ""4""}"""
pytest-dev__pytest-9359,SWEAgent Claude3 Opus,1,"""VOTE: {""grok"": ""2"", ""minimax"": ""1"", ""gpt5"": ""1""}"""
scikit-learn__scikit-learn-10508,Agentless GPT 4o,1,"""VOTE: {""grok"": ""1"", ""minimax"": ""1"", ""gpt5"": ""1""}"""
scikit-learn__scikit-learn-10508,Aider,3,"""VOTE: {""grok"": ""3"", ""minimax"": ""1"", ""gpt5"": ""2""}"""
scikit-learn__scikit-learn-10508,AppMap Navie GPT 4o,1,"""VOTE: {""grok"": ""1"", ""minimax"": ""1"", ""gpt5"": ""1""}"""
scikit-learn__scikit-learn-10508,AutoCoderOver v20240620,2,"""VOTE: {""grok"": ""2"", ""minimax"": ""1"", ""gpt5"": ""3""}"""
scikit-learn__scikit-learn-10508,MoatlessToolsplusGPT4o,1,"""VOTE: {""grok"": ""1"", ""minimax"": ""2"", ""gpt5"": ""3""}"""
scikit-learn__scikit-learn-10508,Moatless Tools Claude 3 5 Sonnet,3,"""VOTE: {""grok"": ""3"", ""minimax"": ""1"", ""gpt5"": ""3""}"""
scikit-learn__scikit-learn-10508,SWEAgent Claude3 Opus,1,"""VOTE: {""grok"": ""2"", ""minimax"": ""1"", ""gpt5"": ""1""}"""
scikit-learn__scikit-learn-14087,Agentless GPT 4o,1,"""VOTE: {""grok"": ""1"", ""minimax"": ""1"", ""gpt5"": ""1""}"""
scikit-learn__scikit-learn-14087,Aider,1,"""VOTE: {""grok"": ""1"", ""minimax"": ""1"", ""gpt5"": ""3""}"""
scikit-learn__scikit-learn-14087,AppMap Navie GPT 4o,3,"""VOTE: {""grok"": ""2"", ""minimax"": ""3"", ""gpt5"": ""3""}"""
scikit-learn__scikit-learn-14087,AutoCoderOver v20240620,1,"""VOTE: {""grok"": ""1"", ""minimax"": ""1"", ""gpt5"": ""1""}"""
scikit-learn__scikit-learn-14087,MoatlessToolsplusGPT4o,1,"""VOTE: {""grok"": ""3"", ""minimax"": ""1"", ""gpt5"": ""1""}"""
scikit-learn__scikit-learn-14087,Moatless Tools Claude 3 5 Sonnet,2,"""VOTE: {""grok"": ""2"", ""minimax"": ""2"", ""gpt5"": ""2""}"""
scikit-learn__scikit-learn-14087,SWEAgent Claude3 Opus,1,"""VOTE: {""grok"": ""1"", ""minimax"": ""2"", ""gpt5"": ""1""}"""
scikit-learn__scikit-learn-15512,Agentless GPT 4o,3,"""VOTE: {""grok"": ""3"", ""minimax"": ""6"", ""gpt5"": ""3""}"""
scikit-learn__scikit-learn-15512,Aider,3,"""VOTE: {""grok"": ""3"", ""minimax"": ""3"", ""gpt5"": ""3""}"""
scikit-learn__scikit-learn-15512,AppMap Navie GPT 4o,1,"""VOTE: {""grok"": ""1"", ""minimax"": ""2"", ""gpt5"": ""1""}"""
scikit-learn__scikit-learn-15512,AutoCoderOver v20240620,2,"""VOTE: {""grok"": ""2"", ""minimax"": ""2"", ""gpt5"": ""1""}"""
scikit-learn__scikit-learn-15512,MoatlessToolsplusGPT4o,3,"""VOTE: {""grok"": ""3"", ""minimax"": ""3"", ""gpt5"": ""3""}"""
scikit-learn__scikit-learn-15512,Moatless Tools Claude 3 5 Sonnet,1,"""VOTE: {""grok"": ""3"", ""minimax"": ""1"", ""gpt5"": ""1""}"""
scikit-learn__scikit-learn-15512,SWEAgent Claude3 Opus,1,"""VOTE: {""grok"": ""1"", ""minimax"": ""1"", ""gpt5"": ""1""}"""
scikit-learn__scikit-learn-25638,Agentless GPT 4o,1,"""VOTE: {""grok"": ""1"", ""minimax"": ""1"", ""gpt5"": ""1""}"""
scikit-learn__scikit-learn-25638,Aider,4,"""VOTE: {""grok"": ""4"", ""minimax"": ""4"", ""gpt5"": ""1""}"""
scikit-learn__scikit-learn-25638,AppMap Navie GPT 4o,1,"""VOTE: {""grok"": ""4"", ""minimax"": ""1"", ""gpt5"": ""1""}"""
scikit-learn__scikit-learn-25638,AutoCoderOver v20240620,1,"""VOTE: {""grok"": ""1"", ""minimax"": ""1"", ""gpt5"": ""2""}"""
scikit-learn__scikit-learn-25638,MoatlessToolsplusGPT4o,1,"""VOTE: {""grok"": ""1"", ""minimax"": ""4"", ""gpt5"": ""1""}"""
scikit-learn__scikit-learn-25638,Moatless Tools Claude 3 5 Sonnet,1,"""VOTE: {""grok"": ""4"", ""minimax"": ""1"", ""gpt5"": ""1""}"""
scikit-learn__scikit-learn-25638,SWEAgent Claude3 Opus,1,"""VOTE: {""grok"": ""1"", ""minimax"": ""1"", ""gpt5"": ""2""}"""
scikit-learn__scikit-learn-25747,Agentless GPT 4o,1,"""VOTE: {""grok"": ""1"", ""minimax"": ""1"", ""gpt5"": ""1""}"""
scikit-learn__scikit-learn-25747,Aider,1,"""VOTE: {""grok"": ""1"", ""minimax"": ""1"", ""gpt5"": ""1""}"""
scikit-learn__scikit-learn-25747,AppMap Navie GPT 4o,1,"""VOTE: {""grok"": ""3"", ""minimax"": ""1"", ""gpt5"": ""1""}"""
scikit-learn__scikit-learn-25747,AutoCoderOver v20240620,1,"""VOTE: {""grok"": ""1"", ""minimax"": ""3"", ""gpt5"": ""1""}"""
scikit-learn__scikit-learn-25747,MoatlessToolsplusGPT4o,1,"""VOTE: {""grok"": ""1"", ""minimax"": ""1"", ""gpt5"": ""1""}"""
scikit-learn__scikit-learn-25747,Moatless Tools Claude 3 5 Sonnet,1,"""VOTE: {""grok"": ""1"", ""minimax"": ""1"", ""gpt5"": ""2""}"""
scikit-learn__scikit-learn-25747,SWEAgent Claude3 Opus,1,"""VOTE: {""grok"": ""1"", ""minimax"": ""1"", ""gpt5"": ""1""}"""
sphinx-doc__sphinx-10325,Agentless GPT 4o,2,"""VOTE: {""grok"": ""2"", ""minimax"": ""2"", ""gpt5"": ""1""}"""
sphinx-doc__sphinx-10325,Aider,2,"""VOTE: {""grok"": ""2"", ""minimax"": ""2"", ""gpt5"": ""2""}"""
sphinx-doc__sphinx-10325,AppMap Navie GPT 4o,4,"""VOTE: {""grok"": ""4"", ""minimax"": ""3"", ""gpt5"": ""2""}"""
sphinx-doc__sphinx-10325,AutoCoderOver v20240620,1,"""VOTE: {""grok"": ""1"", ""minimax"": ""1"", ""gpt5"": ""1""}"""
sphinx-doc__sphinx-10325,MoatlessToolsplusGPT4o,1,"""VOTE: {""grok"": ""2"", ""minimax"": ""1"", ""gpt5"": ""1""}"""
sphinx-doc__sphinx-10325,Moatless Tools Claude 3 5 Sonnet,1,"""VOTE: {""grok"": ""4"", ""minimax"": ""1"", ""gpt5"": ""1""}"""
sphinx-doc__sphinx-10325,SWEAgent Claude3 Opus,1,"""VOTE: {""grok"": ""1"", ""minimax"": ""1"", ""gpt5"": ""1""}"""
sphinx-doc__sphinx-10451,Agentless GPT 4o,1,"""VOTE: {""grok"": ""1"", ""minimax"": ""1"", ""gpt5"": ""1""}"""
sphinx-doc__sphinx-10451,Aider,2,"""VOTE: {""grok"": ""2"", ""minimax"": ""2"", ""gpt5"": ""2""}"""
sphinx-doc__sphinx-10451,AppMap Navie GPT 4o,2,"""VOTE: {""grok"": ""2"", ""minimax"": ""2"", ""gpt5"": ""2""}"""
sphinx-doc__sphinx-10451,AutoCoderOver v20240620,1,"""VOTE: {""grok"": ""2"", ""minimax"": ""1"", ""gpt5"": ""1""}"""
sphinx-doc__sphinx-10451,MoatlessToolsplusGPT4o,1,"""VOTE: {""grok"": ""1"", ""minimax"": ""1"", ""gpt5"": ""1""}"""
sphinx-doc__sphinx-10451,Moatless Tools Claude 3 5 Sonnet,1,"""VOTE: {""grok"": ""1"", ""minimax"": ""1"", ""gpt5"": ""1""}"""
sphinx-doc__sphinx-10451,SWEAgent Claude3 Opus,1,"""VOTE: {""grok"": ""4"", ""minimax"": ""1"", ""gpt5"": ""1""}"""
sphinx-doc__sphinx-11445,Agentless GPT 4o,1,"""VOTE: {""grok"": ""1"", ""minimax"": ""1"", ""gpt5"": ""1""}"""
sphinx-doc__sphinx-11445,Aider,2,"""VOTE: {""grok"": ""2"", ""minimax"": ""1"", ""gpt5"": ""2""}"""
sphinx-doc__sphinx-11445,AppMap Navie GPT 4o,1,"""VOTE: {""grok"": ""1"", ""minimax"": ""1"", ""gpt5"": ""1""}"""
sphinx-doc__sphinx-11445,AutoCoderOver v20240620,2,"""VOTE: {""grok"": ""2"", ""minimax"": ""2"", ""gpt5"": ""2""}"""
sphinx-doc__sphinx-11445,MoatlessToolsplusGPT4o,1,"""VOTE: {""grok"": ""1"", ""minimax"": ""1"", ""gpt5"": ""1""}"""
sphinx-doc__sphinx-11445,Moatless Tools Claude 3 5 Sonnet,1,"""VOTE: {""grok"": ""1"", ""minimax"": ""1"", ""gpt5"": ""4""}"""
sphinx-doc__sphinx-11445,SWEAgent Claude3 Opus,2,"""VOTE: {""grok"": ""1"", ""minimax"": ""2"", ""gpt5"": ""2""}"""
sphinx-doc__sphinx-7738,Agentless GPT 4o,1,"""VOTE: {""grok"": ""2"", ""minimax"": ""1"", ""gpt5"": ""1""}"""
sphinx-doc__sphinx-7738,Aider,2,"""VOTE: {""grok"": ""2"", ""minimax"": ""2"", ""gpt5"": ""2""}"""
sphinx-doc__sphinx-7738,AppMap Navie GPT 4o,4,"""VOTE: {""grok"": ""4"", ""minimax"": ""2"", ""gpt5"": ""4""}"""
sphinx-doc__sphinx-7738,AutoCoderOver v20240620,2,"""VOTE: {""grok"": ""2"", ""minimax"": ""2"", ""gpt5"": ""2""}"""
sphinx-doc__sphinx-7738,MoatlessToolsplusGPT4o,2,"""VOTE: {""grok"": ""2"", ""minimax"": ""2"", ""gpt5"": ""2""}"""
sphinx-doc__sphinx-7738,Moatless Tools Claude 3 5 Sonnet,2,"""VOTE: {""grok"": ""2"", ""minimax"": ""2"", ""gpt5"": ""3""}"""
sphinx-doc__sphinx-7738,SWEAgent Claude3 Opus,5,"""VOTE: {""grok"": ""5"", ""minimax"": ""2"", ""gpt5"": ""3""}"""
sphinx-doc__sphinx-8273,Agentless GPT 4o,2,"""VOTE: {""grok"": ""2"", ""minimax"": ""1"", ""gpt5"": ""2""}"""
sphinx-doc__sphinx-8273,Aider,2,"""VOTE: {""grok"": ""4"", ""minimax"": ""2"", ""gpt5"": ""2""}"""
sphinx-doc__sphinx-8273,AppMap Navie GPT 4o,1,"""VOTE: {""grok"": ""2"", ""minimax"": ""1"", ""gpt5"": ""1""}"""
sphinx-doc__sphinx-8273,AutoCoderOver v20240620,2,"""VOTE: {""grok"": ""2"", ""minimax"": ""2"", ""gpt5"": ""2""}"""
sphinx-doc__sphinx-8273,MoatlessToolsplusGPT4o,2,"""VOTE: {""grok"": ""2"", ""minimax"": ""2"", ""gpt5"": ""2""}"""
sphinx-doc__sphinx-8273,Moatless Tools Claude 3 5 Sonnet,2,"""VOTE: {""grok"": ""2"", ""minimax"": ""5"", ""gpt5"": ""2""}"""
sphinx-doc__sphinx-8273,SWEAgent Claude3 Opus,1,"""VOTE: {""grok"": ""1"", ""minimax"": ""1"", ""gpt5"": ""1""}"""
sphinx-doc__sphinx-8435,Agentless GPT 4o,1,"""VOTE: {""grok"": ""5"", ""minimax"": ""1"", ""gpt5"": ""1""}"""
sphinx-doc__sphinx-8435,Aider,2,"""VOTE: {""grok"": ""2"", ""minimax"": ""2"", ""gpt5"": ""2""}"""
sphinx-doc__sphinx-8435,AppMap Navie GPT 4o,4,"""VOTE: {""grok"": ""4"", ""minimax"": ""2"", ""gpt5"": ""1""}"""
sphinx-doc__sphinx-8435,AutoCoderOver v20240620,1,"""VOTE: {""grok"": ""1"", ""minimax"": ""1"", ""gpt5"": ""4""}"""
sphinx-doc__sphinx-8435,MoatlessToolsplusGPT4o,1,"""VOTE: {""grok"": ""1"", ""minimax"": ""1"", ""gpt5"": ""1""}"""
sphinx-doc__sphinx-8435,Moatless Tools Claude 3 5 Sonnet,4,"""VOTE: {""grok"": ""4"", ""minimax"": ""1"", ""gpt5"": ""4""}"""
sphinx-doc__sphinx-8435,SWEAgent Claude3 Opus,1,"""VOTE: {""grok"": ""1"", ""minimax"": ""1"", ""gpt5"": ""1""}"""
sphinx-doc__sphinx-8474,Agentless GPT 4o,5,"""VOTE: {""grok"": ""5"", ""minimax"": ""2"", ""gpt5"": ""3""}"""
sphinx-doc__sphinx-8474,Aider,2,"""VOTE: {""grok"": ""2"", ""minimax"": ""2"", ""gpt5"": ""2""}"""
sphinx-doc__sphinx-8474,AppMap Navie GPT 4o,2,"""VOTE: {""grok"": ""2"", ""minimax"": ""3"", ""gpt5"": ""2""}"""
sphinx-doc__sphinx-8474,AutoCoderOver v20240620,3,"""VOTE: {""grok"": ""3"", ""minimax"": ""3"", ""gpt5"": ""2""}"""
sphinx-doc__sphinx-8474,MoatlessToolsplusGPT4o,5,"""VOTE: {""grok"": ""5"", ""minimax"": ""2"", ""gpt5"": ""5""}"""
sphinx-doc__sphinx-8474,Moatless Tools Claude 3 5 Sonnet,3,"""VOTE: {""grok"": ""3"", ""minimax"": ""1"", ""gpt5"": ""3""}"""
sphinx-doc__sphinx-8474,SWEAgent Claude3 Opus,5,"""VOTE: {""grok"": ""5"", ""minimax"": ""2"", ""gpt5"": ""3""}"""
sphinx-doc__sphinx-8506,Agentless GPT 4o,2,"""VOTE: {""grok"": ""2"", ""minimax"": ""2"", ""gpt5"": ""2""}"""
sphinx-doc__sphinx-8506,Aider,2,"""VOTE: {""grok"": ""2"", ""minimax"": ""2"", ""gpt5"": ""2""}"""
sphinx-doc__sphinx-8506,AppMap Navie GPT 4o,2,"""VOTE: {""grok"": ""2"", ""minimax"": ""2"", ""gpt5"": ""1""}"""
sphinx-doc__sphinx-8506,AutoCoderOver v20240620,5,"""VOTE: {""grok"": ""5"", ""minimax"": ""4"", ""gpt5"": ""1""}"""
sphinx-doc__sphinx-8506,MoatlessToolsplusGPT4o,2,"""VOTE: {""grok"": ""2"", ""minimax"": ""2"", ""gpt5"": ""1""}"""
sphinx-doc__sphinx-8506,Moatless Tools Claude 3 5 Sonnet,4,"""VOTE: {""grok"": ""4"", ""minimax"": ""2"", ""gpt5"": ""1""}"""
sphinx-doc__sphinx-8506,SWEAgent Claude3 Opus,2,"""VOTE: {""grok"": ""2"", ""minimax"": ""2"", ""gpt5"": ""3""}"""
sphinx-doc__sphinx-8801,Agentless GPT 4o,4,"""VOTE: {""grok"": ""4"", ""minimax"": ""2"", ""gpt5"": ""3""}"""
sphinx-doc__sphinx-8801,Aider,2,"""VOTE: {""grok"": ""2"", ""minimax"": ""1"", ""gpt5"": ""4""}"""
sphinx-doc__sphinx-8801,AppMap Navie GPT 4o,4,"""VOTE: {""grok"": ""4"", ""minimax"": ""2"", ""gpt5"": ""1""}"""
sphinx-doc__sphinx-8801,AutoCoderOver v20240620,2,"""VOTE: {""grok"": ""4"", ""minimax"": ""2"", ""gpt5"": ""2""}"""
sphinx-doc__sphinx-8801,MoatlessToolsplusGPT4o,2,"""VOTE: {""grok"": ""2"", ""minimax"": ""1"", ""gpt5"": ""2""}"""
sphinx-doc__sphinx-8801,Moatless Tools Claude 3 5 Sonnet,1,"""VOTE: {""grok"": ""1"", ""minimax"": ""1"", ""gpt5"": ""2""}"""
sphinx-doc__sphinx-8801,SWEAgent Claude3 Opus,5,"""VOTE: {""grok"": ""5"", ""minimax"": ""2"", ""gpt5"": ""3""}"""
sympy__sympy-11870,Agentless GPT 4o,3,"""VOTE: {""grok"": ""3"", ""minimax"": ""2"", ""gpt5"": ""3""}"""
sympy__sympy-11870,Aider,2,"""VOTE: {""grok"": ""2"", ""minimax"": ""2"", ""gpt5"": ""2""}"""
sympy__sympy-11870,AppMap Navie GPT 4o,3,"""VOTE: {""grok"": ""3"", ""minimax"": ""1"", ""gpt5"": ""3""}"""
sympy__sympy-11870,AutoCoderOver v20240620,4,"""VOTE: {""grok"": ""4"", ""minimax"": ""3"", ""gpt5"": ""2""}"""
sympy__sympy-11870,MoatlessToolsplusGPT4o,3,"""VOTE: {""grok"": ""3"", ""minimax"": ""1"", ""gpt5"": ""3""}"""
sympy__sympy-11870,Moatless Tools Claude 3 5 Sonnet,3,"""VOTE: {""grok"": ""4"", ""minimax"": ""3"", ""gpt5"": ""3""}"""
sympy__sympy-11870,SWEAgent Claude3 Opus,3,"""VOTE: {""grok"": ""3"", ""minimax"": ""3"", ""gpt5"": ""3""}"""
sympy__sympy-12171,Agentless GPT 4o,2,"""VOTE: {""grok"": ""2"", ""minimax"": ""2"", ""gpt5"": ""2""}"""
sympy__sympy-12171,Aider,2,"""VOTE: {""grok"": ""2"", ""minimax"": ""2"", ""gpt5"": ""1""}"""
sympy__sympy-12171,AppMap Navie GPT 4o,2,"""VOTE: {""grok"": ""2"", ""minimax"": ""2"", ""gpt5"": ""1""}"""
sympy__sympy-12171,AutoCoderOver v20240620,4,"""VOTE: {""grok"": ""4"", ""minimax"": ""2"", ""gpt5"": ""1""}"""
sympy__sympy-12171,MoatlessToolsplusGPT4o,2,"""VOTE: {""grok"": ""2"", ""minimax"": ""2"", ""gpt5"": ""1""}"""
sympy__sympy-12171,Moatless Tools Claude 3 5 Sonnet,1,"""VOTE: {""grok"": ""1"", ""minimax"": ""1"", ""gpt5"": ""1""}"""
sympy__sympy-12171,SWEAgent Claude3 Opus,2,"""VOTE: {""grok"": ""2"", ""minimax"": ""2"", ""gpt5"": ""1""}"""
sympy__sympy-12419,Agentless GPT 4o,1,"""VOTE: {""grok"": ""4"", ""minimax"": ""1"", ""gpt5"": ""1""}"""
sympy__sympy-12419,Aider,4,"""VOTE: {""grok"": ""4"", ""minimax"": ""1"", ""gpt5"": ""2""}"""
sympy__sympy-12419,AppMap Navie GPT 4o,4,"""VOTE: {""grok"": ""4"", ""minimax"": ""4"", ""gpt5"": ""4""}"""
sympy__sympy-12419,AutoCoderOver v20240620,1,"""VOTE: {""grok"": ""1"", ""minimax"": ""1"", ""gpt5"": ""2""}"""
sympy__sympy-12419,MoatlessToolsplusGPT4o,2,"""VOTE: {""grok"": ""1"", ""minimax"": ""2"", ""gpt5"": ""2""}"""
sympy__sympy-12419,Moatless Tools Claude 3 5 Sonnet,4,"""VOTE: {""grok"": ""4"", ""minimax"": ""2"", ""gpt5"": ""1""}"""
sympy__sympy-12419,SWEAgent Claude3 Opus,1,"""VOTE: {""grok"": ""3"", ""minimax"": ""1"", ""gpt5"": ""1""}"""
sympy__sympy-12454,Agentless GPT 4o,3,"""VOTE: {""grok"": ""3"", ""minimax"": ""2"", ""gpt5"": ""3""}"""
sympy__sympy-12454,Aider,3,"""VOTE: {""grok"": ""3"", ""minimax"": ""3"", ""gpt5"": ""1""}"""
sympy__sympy-12454,AppMap Navie GPT 4o,3,"""VOTE: {""grok"": ""3"", ""minimax"": ""3"", ""gpt5"": ""1""}"""
sympy__sympy-12454,AutoCoderOver v20240620,3,"""VOTE: {""grok"": ""3"", ""minimax"": ""3"", ""gpt5"": ""1""}"""
sympy__sympy-12454,MoatlessToolsplusGPT4o,3,"""VOTE: {""grok"": ""3"", ""minimax"": ""1"", ""gpt5"": ""3""}"""
sympy__sympy-12454,Moatless Tools Claude 3 5 Sonnet,1,"""VOTE: {""grok"": ""1"", ""minimax"": ""5"", ""gpt5"": ""1""}"""
sympy__sympy-12454,SWEAgent Claude3 Opus,3,"""VOTE: {""grok"": ""3"", ""minimax"": ""3"", ""gpt5"": ""2""}"""
sympy__sympy-13043,Agentless GPT 4o,3,"""VOTE: {""grok"": ""3"", ""minimax"": ""3"", ""gpt5"": ""1""}"""
sympy__sympy-13043,Aider,2,"""VOTE: {""grok"": ""2"", ""minimax"": ""2"", ""gpt5"": ""2""}"""
sympy__sympy-13043,AppMap Navie GPT 4o,2,"""VOTE: {""grok"": ""1"", ""minimax"": ""2"", ""gpt5"": ""2""}"""
sympy__sympy-13043,AutoCoderOver v20240620,1,"""VOTE: {""grok"": ""1"", ""minimax"": ""2"", ""gpt5"": ""1""}"""
sympy__sympy-13043,MoatlessToolsplusGPT4o,1,"""VOTE: {""grok"": ""1"", ""minimax"": ""1"", ""gpt5"": ""1""}"""
sympy__sympy-13043,Moatless Tools Claude 3 5 Sonnet,1,"""VOTE: {""grok"": ""1"", ""minimax"": ""1"", ""gpt5"": ""2""}"""
sympy__sympy-13043,SWEAgent Claude3 Opus,2,"""VOTE: {""grok"": ""2"", ""minimax"": ""2"", ""gpt5"": ""2""}"""
sympy__sympy-13177,Agentless GPT 4o,3,"""VOTE: {""grok"": ""3"", ""minimax"": ""3"", ""gpt5"": ""3""}"""
sympy__sympy-13177,Aider,3,"""VOTE: {""grok"": ""3"", ""minimax"": ""2"", ""gpt5"": ""3""}"""
sympy__sympy-13177,AppMap Navie GPT 4o,3,"""VOTE: {""grok"": ""3"", ""minimax"": ""2"", ""gpt5"": ""3""}"""
sympy__sympy-13177,AutoCoderOver v20240620,3,"""VOTE: {""grok"": ""3"", ""minimax"": ""3"", ""gpt5"": ""3""}"""
sympy__sympy-13177,MoatlessMoatless Tools Claude 3 5 Sonnet,3,"""VOTE: {""grok"": ""3"", ""minimax"": ""1"", ""gpt5"": ""3""}"""
sympy__sympy-13177,MoatlessToolsplusGPT4o,3,"""VOTE: {""grok"": ""3"", ""minimax"": ""3"", ""gpt5"": ""3""}"""
sympy__sympy-13177,SWEAgent Claude3 Opus,3,"""VOTE: {""grok"": ""3"", ""minimax"": ""3"", ""gpt5"": ""3""}"""
sympy__sympy-13437,Agentless GPT 4o,3,"""VOTE: {""grok"": ""3"", ""minimax"": ""3"", ""gpt5"": ""3""}"""
sympy__sympy-13437,Aider,3,"""VOTE: {""grok"": ""3"", ""minimax"": ""2"", ""gpt5"": ""3""}"""
sympy__sympy-13437,AppMap Navie GPT 4o,2,"""VOTE: {""grok"": ""2"", ""minimax"": ""3"", ""gpt5"": ""2""}"""
sympy__sympy-13437,AutoCoderOver v20240620,3,"""VOTE: {""grok"": ""3"", ""minimax"": ""3"", ""gpt5"": ""3""}"""
sympy__sympy-13437,MoatlessToolsplusGPT4o,3,"""VOTE: {""grok"": ""3"", ""minimax"": ""2"", ""gpt5"": ""3""}"""
sympy__sympy-13437,Moatless Tools Claude 3 5 Sonnet,3,"""VOTE: {""grok"": ""3"", ""minimax"": ""3"", ""gpt5"": ""3""}"""
sympy__sympy-13437,SWEAgent Claude3 Opus,3,"""VOTE: {""grok"": ""3"", ""minimax"": ""2"", ""gpt5"": ""3""}"""
sympy__sympy-13773,Agentless GPT 4o,2,"""VOTE: {""grok"": ""2"", ""minimax"": ""2"", ""gpt5"": ""2""}"""
sympy__sympy-13773,Aider,2,"""VOTE: {""grok"": ""2"", ""minimax"": ""2"", ""gpt5"": ""2""}"""
sympy__sympy-13773,AppMap Navie GPT 4o,2,"""VOTE: {""grok"": ""2"", ""minimax"": ""2"", ""gpt5"": ""2""}"""
sympy__sympy-13773,AutoCoderOver v20240620,2,"""VOTE: {""grok"": ""2"", ""minimax"": ""1"", ""gpt5"": ""2""}"""
sympy__sympy-13773,MoatlessToolsplusGPT4o,2,"""VOTE: {""grok"": ""2"", ""minimax"": ""2"", ""gpt5"": ""2""}"""
sympy__sympy-13773,Moatless Tools Claude 3 5 Sonnet,2,"""VOTE: {""grok"": ""2"", ""minimax"": ""2"", ""gpt5"": ""2""}"""
sympy__sympy-13773,SWEAgent Claude3 Opus,2,"""VOTE: {""grok"": ""2"", ""minimax"": ""1"", ""gpt5"": ""2""}"""
sympy__sympy-13895,Agentless GPT 4o,2,"""VOTE: {""grok"": ""2"", ""minimax"": ""1"", ""gpt5"": ""2""}"""
sympy__sympy-13895,Aider,4,"""VOTE: {""grok"": ""4"", ""minimax"": ""1"", ""gpt5"": ""3""}"""
sympy__sympy-13895,AppMap Navie GPT 4o,4,"""VOTE: {""grok"": ""4"", ""minimax"": ""2"", ""gpt5"": ""3""}"""
sympy__sympy-13895,AutoCoderOver v20240620,2,"""VOTE: {""grok"": ""2"", ""minimax"": ""2"", ""gpt5"": ""2""}"""
sympy__sympy-13895,MoatlessToolsplusGPT4o,2,"""VOTE: {""grok"": ""2"", ""minimax"": ""2"", ""gpt5"": ""2""}"""
sympy__sympy-13895,SWEAgent Claude3 Opus,3,"""VOTE: {""grok"": ""3"", ""minimax"": ""2"", ""gpt5"": ""3""}"""
sympy__sympy-13915,Agentless GPT 4o,2,"""VOTE: {""grok"": ""2"", ""minimax"": ""1"", ""gpt5"": ""2""}"""
sympy__sympy-13915,Aider,2,"""VOTE: {""grok"": ""4"", ""minimax"": ""2"", ""gpt5"": ""2""}"""
sympy__sympy-13915,AppMap Navie GPT 4o,3,"""VOTE: {""grok"": ""3"", ""minimax"": ""3"", ""gpt5"": ""2""}"""
sympy__sympy-13915,AutoCoderOver v20240620,2,"""VOTE: {""grok"": ""2"", ""minimax"": ""2"", ""gpt5"": ""3""}"""
sympy__sympy-13915,MoatlessToolsplusGPT4o,2,"""VOTE: {""grok"": ""2"", ""minimax"": ""6"", ""gpt5"": ""3""}"""
sympy__sympy-13915,Moatless Tools Claude 3 5 Sonnet,2,"""VOTE: {""grok"": ""2"", ""minimax"": ""1"", ""gpt5"": ""2""}"""
sympy__sympy-13915,SWEAgent Claude3 Opus,2,"""VOTE: {""grok"": ""2"", ""minimax"": ""2"", ""gpt5"": ""2""}"""
sympy__sympy-13971,Agentless GPT 4o,1,"""VOTE: {""grok"": ""1"", ""minimax"": ""1"", ""gpt5"": ""1""}"""
sympy__sympy-13971,Aider,2,"""VOTE: {""grok"": ""4"", ""minimax"": ""2"", ""gpt5"": ""2""}"""
sympy__sympy-13971,AppMap Navie GPT 4o,2,"""VOTE: {""grok"": ""2"", ""minimax"": ""2"", ""gpt5"": ""2""}"""
sympy__sympy-13971,AutoCoderOver v20240620,2,"""VOTE: {""grok"": ""2"", ""minimax"": ""1"", ""gpt5"": ""2""}"""
sympy__sympy-13971,MoatlessToolsplusGPT4o,1,"""VOTE: {""grok"": ""1"", ""minimax"": ""1"", ""gpt5"": ""2""}"""
sympy__sympy-13971,Moatless Tools Claude 3 5 Sonnet,1,"""VOTE: {""grok"": ""2"", ""minimax"": ""1"", ""gpt5"": ""1""}"""
sympy__sympy-13971,SWEAgent Claude3 Opus,2,"""VOTE: {""grok"": ""2"", ""minimax"": ""2"", ""gpt5"": ""1""}"""
sympy__sympy-14024,Agentless GPT 4o,2,"""VOTE: {""grok"": ""2"", ""minimax"": ""2"", ""gpt5"": ""2""}"""
sympy__sympy-14024,Aider,4,"""VOTE: {""grok"": ""4"", ""minimax"": ""2"", ""gpt5"": ""4""}"""
sympy__sympy-14024,AppMap Navie GPT 4o,4,"""VOTE: {""grok"": ""4"", ""minimax"": ""2"", ""gpt5"": ""3""}"""
sympy__sympy-14024,AutoCoderOver v20240620,4,"""VOTE: {""grok"": ""4"", ""minimax"": ""2"", ""gpt5"": ""4""}"""
sympy__sympy-14024,MoatlessToolsplusGPT4o,4,"""VOTE: {""grok"": ""4"", ""minimax"": ""3"", ""gpt5"": ""4""}"""
sympy__sympy-14024,Moatless Tools Claude 3 5 Sonnet,1,"""VOTE: {""grok"": ""2"", ""minimax"": ""1"", ""gpt5"": ""1""}"""
sympy__sympy-14024,SWEAgent Claude3 Opus,3,"""VOTE: {""grok"": ""3"", ""minimax"": ""3"", ""gpt5"": ""3""}"""
sympy__sympy-14308,Agentless GPT 4o,1,"""VOTE: {""grok"": ""2"", ""minimax"": ""1"", ""gpt5"": ""1""}"""
sympy__sympy-14308,Aider,2,"""VOTE: {""grok"": ""2"", ""minimax"": ""1"", ""gpt5"": ""2""}"""
sympy__sympy-14308,AppMap Navie GPT 4o,5,"""VOTE: {""grok"": ""5"", ""minimax"": ""1"", ""gpt5"": ""5""}"""
sympy__sympy-14308,AutoCoderOver v20240620,2,"""VOTE: {""grok"": ""1"", ""minimax"": ""2"", ""gpt5"": ""2""}"""
sympy__sympy-14308,MoatlessToolsplusGPT4o,2,"""VOTE: {""grok"": ""2"", ""minimax"": ""2"", ""gpt5"": ""1""}"""
sympy__sympy-14308,Moatless Tools Claude 3 5 Sonnet,4,"""VOTE: {""grok"": ""4"", ""minimax"": ""1"", ""gpt5"": ""2""}"""
sympy__sympy-14308,SWEAgent Claude3 Opus,1,"""VOTE: {""grok"": ""1"", ""minimax"": ""1"", ""gpt5"": ""3""}"""
sympy__sympy-14317,Agentless GPT 4o,2,"""VOTE: {""grok"": ""2"", ""minimax"": ""2"", ""gpt5"": ""2""}"""
sympy__sympy-14317,Aider,2,"""VOTE: {""grok"": ""2"", ""minimax"": ""2"", ""gpt5"": ""1""}"""
sympy__sympy-14317,AppMap Navie GPT 4o,1,"""VOTE: {""grok"": ""1"", ""minimax"": ""1"", ""gpt5"": ""1""}"""
sympy__sympy-14317,AutoCoderOver v20240620,1,"""VOTE: {""grok"": ""1"", ""minimax"": ""2"", ""gpt5"": ""1""}"""
sympy__sympy-14317,MoatlessToolsplusGPT4o,3,"""VOTE: {""grok"": ""3"", ""minimax"": ""1"", ""gpt5"": ""3""}"""
sympy__sympy-14317,Moatless Tools Claude 3 5 Sonnet,1,"""VOTE: {""grok"": ""1"", ""minimax"": ""2"", ""gpt5"": ""1""}"""
sympy__sympy-14317,SWEAgent Claude3 Opus,1,"""VOTE: {""grok"": ""1"", ""minimax"": ""1"", ""gpt5"": ""1""}"""
sympy__sympy-14396,Agentless GPT 4o,1,"""VOTE: {""grok"": ""1"", ""minimax"": ""1"", ""gpt5"": ""1""}"""
sympy__sympy-14396,Aider,1,"""VOTE: {""grok"": ""1"", ""minimax"": ""2"", ""gpt5"": ""1""}"""
sympy__sympy-14396,AppMap Navie GPT 4o,1,"""VOTE: {""grok"": ""1"", ""minimax"": ""1"", ""gpt5"": ""1""}"""
sympy__sympy-14396,AutoCoderOver v20240620,1,"""VOTE: {""grok"": ""1"", ""minimax"": ""6"", ""gpt5"": ""1""}"""
sympy__sympy-14396,MoatlessToolsplusGPT4o,1,"""VOTE: {""grok"": ""3"", ""minimax"": ""1"", ""gpt5"": ""1""}"""
sympy__sympy-14396,Moatless Tools Claude 3 5 Sonnet,1,"""VOTE: {""grok"": ""1"", ""minimax"": ""1"", ""gpt5"": ""1""}"""
sympy__sympy-14396,SWEAgent Claude3 Opus,1,"""VOTE: {""grok"": ""1"", ""minimax"": ""2"", ""gpt5"": ""1""}"""
sympy__sympy-15308,Agentless GPT 4o,2,"""VOTE: {""grok"": ""2"", ""minimax"": ""2"", ""gpt5"": ""1""}"""
sympy__sympy-15308,Aider,2,"""VOTE: {""grok"": ""2"", ""minimax"": ""6"", ""gpt5"": ""2""}"""
sympy__sympy-15308,AppMap Navie GPT 4o,2,"""VOTE: {""grok"": ""4"", ""minimax"": ""2"", ""gpt5"": ""2""}"""
sympy__sympy-15308,AutoCoderOver v20240620,2,"""VOTE: {""grok"": ""2"", ""minimax"": ""2"", ""gpt5"": ""1""}"""
sympy__sympy-15308,MoatlessToolsplusGPT4o,2,"""VOTE: {""grok"": ""2"", ""minimax"": ""4"", ""gpt5"": ""1""}"""
sympy__sympy-15308,Moatless Tools Claude 3 5 Sonnet,2,"""VOTE: {""grok"": ""2"", ""minimax"": ""2"", ""gpt5"": ""2""}"""
sympy__sympy-15308,SWEAgent Claude3 Opus,2,"""VOTE: {""grok"": ""2"", ""minimax"": ""2"", ""gpt5"": ""2""}"""
sympy__sympy-15345,Agentless GPT 4o,2,"""VOTE: {""grok"": ""2"", ""minimax"": ""2"", ""gpt5"": ""1""}"""
sympy__sympy-15345,Aider,2,"""VOTE: {""grok"": ""2"", ""minimax"": ""2"", ""gpt5"": ""1""}"""
sympy__sympy-15345,AppMap Navie GPT 4o,4,"""VOTE: {""grok"": ""4"", ""minimax"": ""2"", ""gpt5"": ""4""}"""
sympy__sympy-15345,AutoCoderOver v20240620,2,"""VOTE: {""grok"": ""4"", ""minimax"": ""2"", ""gpt5"": ""2""}"""
sympy__sympy-15345,MoatlessToolsplusGPT4o,1,"""VOTE: {""grok"": ""1"", ""minimax"": ""1"", ""gpt5"": ""1""}"""
sympy__sympy-15345,Moatless Tools Claude 3 5 Sonnet,4,"""VOTE: {""grok"": ""4"", ""minimax"": ""2"", ""gpt5"": ""4""}"""
sympy__sympy-15345,SWEAgent Claude3 Opus,4,"""VOTE: {""grok"": ""4"", ""minimax"": ""4"", ""gpt5"": ""1""}"""
sympy__sympy-16106,Agentless GPT 4o,2,"""VOTE: {""grok"": ""2"", ""minimax"": ""2"", ""gpt5"": ""1""}"""
sympy__sympy-16106,Aider,2,"""VOTE: {""grok"": ""2"", ""minimax"": ""2"", ""gpt5"": ""1""}"""
sympy__sympy-16106,AppMap Navie GPT 4o,2,"""VOTE: {""grok"": ""2"", ""minimax"": ""2"", ""gpt5"": ""2""}"""
sympy__sympy-16106,AutoCoderOver v20240620,1,"""VOTE: {""grok"": ""1"", ""minimax"": ""6"", ""gpt5"": ""1""}"""
sympy__sympy-16106,MoatlessToolsplusGPT4o,2,"""VOTE: {""grok"": ""2"", ""minimax"": ""2"", ""gpt5"": ""1""}"""
sympy__sympy-16106,Moatless Tools Claude 3 5 Sonnet,2,"""VOTE: {""grok"": ""2"", ""minimax"": ""2"", ""gpt5"": ""4""}"""
sympy__sympy-16106,SWEAgent Claude3 Opus,2,"""VOTE: {""grok"": ""2"", ""minimax"": ""2"", ""gpt5"": ""2""}"""
sympy__sympy-16281,Agentless GPT 4o,1,"""VOTE: {""grok"": ""1"", ""minimax"": ""1"", ""gpt5"": ""1""}"""
sympy__sympy-16281,Aider,1,"""VOTE: {""grok"": ""1"", ""minimax"": ""2"", ""gpt5"": ""1""}"""
sympy__sympy-16281,AppMap Navie GPT 4o,2,"""VOTE: {""grok"": ""2"", ""minimax"": ""2"", ""gpt5"": ""1""}"""
sympy__sympy-16281,AutoCoderOver v20240620,3,"""VOTE: {""grok"": ""3"", ""minimax"": ""2"", ""gpt5"": ""1""}"""
sympy__sympy-16281,MoatlessToolsplusGPT4o,1,"""VOTE: {""grok"": ""1"", ""minimax"": ""1"", ""gpt5"": ""1""}"""
sympy__sympy-16281,Moatless Tools Claude 3 5 Sonnet,1,"""VOTE: {""grok"": ""1"", ""minimax"": ""2"", ""gpt5"": ""1""}"""
sympy__sympy-16281,SWEAgent Claude3 Opus,4,"""VOTE: {""grok"": ""4"", ""minimax"": ""2"", ""gpt5"": ""1""}"""
sympy__sympy-16503,Agentless GPT 4o,3,"""VOTE: {""grok"": ""3"", ""minimax"": ""3"", ""gpt5"": ""1""}"""
sympy__sympy-16503,Aider,1,"""VOTE: {""grok"": ""1"", ""minimax"": ""2"", ""gpt5"": ""1""}"""
sympy__sympy-16503,AppMap Navie GPT 4o,4,"""VOTE: {""grok"": ""4"", ""minimax"": ""2"", ""gpt5"": ""1""}"""
sympy__sympy-16503,AutoCoderOver v20240620,4,"""VOTE: {""grok"": ""4"", ""minimax"": ""1"", ""gpt5"": ""3""}"""
sympy__sympy-16503,MoatlessToolsplusGPT4o,2,"""VOTE: {""grok"": ""2"", ""minimax"": ""3"", ""gpt5"": ""1""}"""
sympy__sympy-16503,Moatless Tools Claude 3 5 Sonnet,3,"""VOTE: {""grok"": ""3"", ""minimax"": ""2"", ""gpt5"": ""3""}"""
sympy__sympy-16503,SWEAgent Claude3 Opus,1,"""VOTE: {""grok"": ""4"", ""minimax"": ""1"", ""gpt5"": ""1""}"""
sympy__sympy-16792,Agentless GPT 4o,1,"""VOTE: {""grok"": ""1"", ""minimax"": ""1"", ""gpt5"": ""1""}"""
sympy__sympy-16792,Aider,1,"""VOTE: {""grok"": ""1"", ""minimax"": ""2"", ""gpt5"": ""1""}"""
sympy__sympy-16792,AppMap Navie GPT 4o,1,"""VOTE: {""grok"": ""1"", ""minimax"": ""1"", ""gpt5"": ""1""}"""
sympy__sympy-16792,AutoCoderOver v20240620,1,"""VOTE: {""grok"": ""1"", ""minimax"": ""1"", ""gpt5"": ""1""}"""
sympy__sympy-16792,MoatlessToolsplusGPT4o,1,"""VOTE: {""grok"": ""2"", ""minimax"": ""1"", ""gpt5"": ""1""}"""
sympy__sympy-16792,Moatless Tools Claude 3 5 Sonnet,1,"""VOTE: {""grok"": ""1"", ""minimax"": ""1"", ""gpt5"": ""1""}"""
sympy__sympy-16792,SWEAgent Claude3 Opus,1,"""VOTE: {""grok"": ""1"", ""minimax"": ""4"", ""gpt5"": ""1""}"""
sympy__sympy-16988,Agentless GPT 4o,1,"""VOTE: {""grok"": ""1"", ""minimax"": ""2"", ""gpt5"": ""1""}"""
sympy__sympy-16988,Aider,4,"""VOTE: {""grok"": ""4"", ""minimax"": ""1"", ""gpt5"": ""2""}"""
sympy__sympy-16988,AppMap Navie GPT 4o,1,"""VOTE: {""grok"": ""2"", ""minimax"": ""1"", ""gpt5"": ""1""}"""
sympy__sympy-16988,AutoCoderOver v20240620,3,"""VOTE: {""grok"": ""3"", ""minimax"": ""1"", ""gpt5"": ""3""}"""
sympy__sympy-16988,MoatlessToolsplusGPT4o,1,"""VOTE: {""grok"": ""1"", ""minimax"": ""1"", ""gpt5"": ""1""}"""
sympy__sympy-16988,Moatless Tools Claude 3 5 Sonnet,2,"""VOTE: {""grok"": ""2"", ""minimax"": ""1"", ""gpt5"": ""2""}"""
sympy__sympy-16988,SWEAgent Claude3 Opus,1,"""VOTE: {""grok"": ""4"", ""minimax"": ""1"", ""gpt5"": ""1""}"""
sympy__sympy-18698,Agentless GPT 4o,2,"""VOTE: {""grok"": ""2"", ""minimax"": ""2"", ""gpt5"": ""2""}"""
sympy__sympy-18698,Aider,2,"""VOTE: {""grok"": ""2"", ""minimax"": ""2"", ""gpt5"": ""1""}"""
sympy__sympy-18698,AppMap Navie GPT 4o,2,"""VOTE: {""grok"": ""2"", ""minimax"": ""2"", ""gpt5"": ""1""}"""
sympy__sympy-18698,AutoCoderOver v20240620,2,"""VOTE: {""grok"": ""2"", ""minimax"": ""2"", ""gpt5"": ""1""}"""
sympy__sympy-18698,MoatlessToolsplusGPT4o,2,"""VOTE: {""grok"": ""2"", ""minimax"": ""2"", ""gpt5"": ""2""}"""
sympy__sympy-18698,Moatless Tools Claude 3 5 Sonnet,1,"""VOTE: {""grok"": ""1"", ""minimax"": ""1"", ""gpt5"": ""1""}"""
sympy__sympy-18698,SWEAgent Claude3 Opus,2,"""VOTE: {""grok"": ""2"", ""minimax"": ""2"", ""gpt5"": ""1""}"""
sympy__sympy-18835,Agentless GPT 4o,3,"""VOTE: {""grok"": ""2"", ""minimax"": ""3"", ""gpt5"": ""3""}"""
sympy__sympy-18835,Aider,3,"""VOTE: {""grok"": ""3"", ""minimax"": ""3"", ""gpt5"": ""3""}"""
sympy__sympy-18835,AppMap Navie GPT 4o,2,"""VOTE: {""grok"": ""2"", ""minimax"": ""2"", ""gpt5"": ""2""}"""
sympy__sympy-18835,AutoCoderOver v20240620,2,"""VOTE: {""grok"": ""2"", ""minimax"": ""2"", ""gpt5"": ""2""}"""
sympy__sympy-18835,MoatlessToolsplusGPT4o,3,"""VOTE: {""grok"": ""3"", ""minimax"": ""1"", ""gpt5"": ""3""}"""
sympy__sympy-18835,Moatless Tools Claude 3 5 Sonnet,3,"""VOTE: {""grok"": ""3"", ""minimax"": ""3"", ""gpt5"": ""3""}"""
sympy__sympy-18835,SWEAgent Claude3 Opus,1,"""VOTE: {""grok"": ""3"", ""minimax"": ""1"", ""gpt5"": ""1""}"""
sympy__sympy-19007,Agentless GPT 4o,3,"""VOTE: {""grok"": ""3"", ""minimax"": ""3"", ""gpt5"": ""3""}"""
sympy__sympy-19007,Aider,3,"""VOTE: {""grok"": ""3"", ""minimax"": ""3"", ""gpt5"": ""3""}"""
sympy__sympy-19007,AppMap Navie GPT 4o,2,"""VOTE: {""grok"": ""2"", ""minimax"": ""2"", ""gpt5"": ""2""}"""
sympy__sympy-19007,AutoCoderOver v20240620,3,"""VOTE: {""grok"": ""3"", ""minimax"": ""1"", ""gpt5"": ""3""}"""
sympy__sympy-19007,MoatlessToolsplusGPT4o,1,"""VOTE: {""grok"": ""1"", ""minimax"": ""3"", ""gpt5"": ""2""}"""
sympy__sympy-19007,Moatless Tools Claude 3 5 Sonnet,4,"""VOTE: {""grok"": ""4"", ""minimax"": ""2"", ""gpt5"": ""3""}"""
sympy__sympy-19007,SWEAgent Claude3 Opus,4,"""VOTE: {""grok"": ""4"", ""minimax"": ""2"", ""gpt5"": ""3""}"""
sympy__sympy-19254,Agentless GPT 4o,3,"""VOTE: {""grok"": ""1"", ""minimax"": ""3"", ""gpt5"": ""3""}"""
sympy__sympy-19254,Aider,2,"""VOTE: {""grok"": ""2"", ""minimax"": ""2"", ""gpt5"": ""2""}"""
sympy__sympy-19254,AppMap Navie GPT 4o,2,"""VOTE: {""grok"": ""2"", ""minimax"": ""2"", ""gpt5"": ""2""}"""
sympy__sympy-19254,AutoCoderOver v20240620,2,"""VOTE: {""grok"": ""2"", ""minimax"": ""2"", ""gpt5"": ""3""}"""
sympy__sympy-19254,MoatlessToolsplusGPT4o,3,"""VOTE: {""grok"": ""3"", ""minimax"": ""2"", ""gpt5"": ""3""}"""
sympy__sympy-19254,Moatless Tools Claude 3 5 Sonnet,2,"""VOTE: {""grok"": ""2"", ""minimax"": ""2"", ""gpt5"": ""2""}"""
sympy__sympy-19254,SWEAgent Claude3 Opus,2,"""VOTE: {""grok"": ""2"", ""minimax"": ""2"", ""gpt5"": ""2""}"""
sympy__sympy-19487,Agentless GPT 4o,3,"""VOTE: {""grok"": ""3"", ""minimax"": ""3"", ""gpt5"": ""3""}"""
sympy__sympy-19487,Aider,3,"""VOTE: {""grok"": ""2"", ""minimax"": ""3"", ""gpt5"": ""3""}"""
sympy__sympy-19487,AppMap Navie GPT 4o,3,"""VOTE: {""grok"": ""3"", ""minimax"": ""1"", ""gpt5"": ""3""}"""
sympy__sympy-19487,AutoCoderOver v20240620,2,"""VOTE: {""grok"": ""2"", ""minimax"": ""2"", ""gpt5"": ""3""}"""
sympy__sympy-19487,MoatlessToolsplusGPT4o,2,"""VOTE: {""grok"": ""3"", ""minimax"": ""2"", ""gpt5"": ""2""}"""
sympy__sympy-19487,Moatless Tools Claude 3 5 Sonnet,3,"""VOTE: {""grok"": ""3"", ""minimax"": ""3"", ""gpt5"": ""2""}"""
sympy__sympy-19487,SWEAgent Claude3 Opus,3,"""VOTE: {""grok"": ""3"", ""minimax"": ""1"", ""gpt5"": ""3""}"""
sympy__sympy-20049,Agentless GPT 4o,1,"""VOTE: {""grok"": ""1"", ""minimax"": ""2"", ""gpt5"": ""1""}"""
sympy__sympy-20049,Aider,2,"""VOTE: {""grok"": ""2"", ""minimax"": ""1"", ""gpt5"": ""3""}"""
sympy__sympy-20049,AppMap Navie GPT 4o,2,"""VOTE: {""grok"": ""4"", ""minimax"": ""2"", ""gpt5"": ""2""}"""
sympy__sympy-20049,AutoCoderOver v20240620,3,"""VOTE: {""grok"": ""3"", ""minimax"": ""2"", ""gpt5"": ""3""}"""
sympy__sympy-20049,MoatlessToolsplusGPT4o,2,"""VOTE: {""grok"": ""2"", ""minimax"": ""2"", ""gpt5"": ""1""}"""
sympy__sympy-20049,Moatless Tools Claude 3 5 Sonnet,3,"""VOTE: {""grok"": ""3"", ""minimax"": ""2"", ""gpt5"": ""1""}"""
sympy__sympy-20049,SWEAgent Claude3 Opus,3,"""VOTE: {""grok"": ""3"", ""minimax"": ""2"", ""gpt5"": ""1""}"""
sympy__sympy-20590,Agentless GPT 4o,2,"""VOTE: {""grok"": ""2"", ""minimax"": ""1"", ""gpt5"": ""2""}"""
sympy__sympy-20590,Aider,2,"""VOTE: {""grok"": ""2"", ""minimax"": ""2"", ""gpt5"": ""1""}"""
sympy__sympy-20590,AppMap Navie GPT 4o,1,"""VOTE: {""grok"": ""2"", ""minimax"": ""1"", ""gpt5"": ""1""}"""
sympy__sympy-20590,AutoCoderOver v20240620,2,"""VOTE: {""grok"": ""2"", ""minimax"": ""2"", ""gpt5"": ""1""}"""
sympy__sympy-20590,MoatlessToolsplusGPT4o,2,"""VOTE: {""grok"": ""2"", ""minimax"": ""2"", ""gpt5"": ""1""}"""
sympy__sympy-20590,Moatless Tools Claude 3 5 Sonnet,1,"""VOTE: {""grok"": ""2"", ""minimax"": ""1"", ""gpt5"": ""1""}"""
sympy__sympy-20590,SWEAgent Claude3 Opus,2,"""VOTE: {""grok"": ""2"", ""minimax"": ""2"", ""gpt5"": ""2""}"""
sympy__sympy-20639,Agentless GPT 4o,3,"""VOTE: {""grok"": ""3"", ""minimax"": ""2"", ""gpt5"": ""3""}"""
sympy__sympy-20639,Aider,2,"""VOTE: {""grok"": ""2"", ""minimax"": ""2"", ""gpt5"": ""4""}"""
sympy__sympy-20639,AppMap Navie GPT 4o,4,"""VOTE: {""grok"": ""4"", ""minimax"": ""4"", ""gpt5"": ""4""}"""
sympy__sympy-20639,AutoCoderOver v20240620,4,"""VOTE: {""grok"": ""4"", ""minimax"": ""2"", ""gpt5"": ""4""}"""
sympy__sympy-20639,MoatlessToolsplusGPT4o,4,"""VOTE: {""grok"": ""4"", ""minimax"": ""2"", ""gpt5"": ""4""}"""
sympy__sympy-20639,Moatless Tools Claude 3 5 Sonnet,4,"""VOTE: {""grok"": ""4"", ""minimax"": ""2"", ""gpt5"": ""4""}"""
sympy__sympy-20639,SWEAgent Claude3 Opus,1,"""VOTE: {""grok"": ""2"", ""minimax"": ""1"", ""gpt5"": ""1""}"""
sympy__sympy-21171,Agentless GPT 4o,2,"""VOTE: {""grok"": ""2"", ""minimax"": ""3"", ""gpt5"": ""2""}"""
sympy__sympy-21171,Aider,2,"""VOTE: {""grok"": ""2"", ""minimax"": ""4"", ""gpt5"": ""1""}"""
sympy__sympy-21171,AppMap Navie GPT 4o,1,"""VOTE: {""grok"": ""2"", ""minimax"": ""1"", ""gpt5"": ""1""}"""
sympy__sympy-21171,AutoCoderOver v20240620,2,"""VOTE: {""grok"": ""2"", ""minimax"": ""2"", ""gpt5"": ""2""}"""
sympy__sympy-21171,MoatlessToolsplusGPT4o,2,"""VOTE: {""grok"": ""4"", ""minimax"": ""2"", ""gpt5"": ""2""}"""
sympy__sympy-21171,Moatless Tools Claude 3 5 Sonnet,3,"""VOTE: {""grok"": ""3"", ""minimax"": ""2"", ""gpt5"": ""1""}"""
sympy__sympy-21171,SWEAgent Claude3 Opus,2,"""VOTE: {""grok"": ""2"", ""minimax"": ""2"", ""gpt5"": ""2""}"""
sympy__sympy-21379,Agentless GPT 4o,3,"""VOTE: {""grok"": ""2"", ""minimax"": ""3"", ""gpt5"": ""3""}"""
sympy__sympy-21379,Aider,3,"""VOTE: {""grok"": ""3"", ""minimax"": ""3"", ""gpt5"": ""3""}"""
sympy__sympy-21379,AppMap Navie GPT 4o,3,"""VOTE: {""grok"": ""3"", ""minimax"": ""2"", ""gpt5"": ""4""}"""
sympy__sympy-21379,AutoCoderOver v20240620,3,"""VOTE: {""grok"": ""3"", ""minimax"": ""3"", ""gpt5"": ""3""}"""
sympy__sympy-21379,MoatlessToolsplusGPT4o,4,"""VOTE: {""grok"": ""4"", ""minimax"": ""3"", ""gpt5"": ""2""}"""
sympy__sympy-21379,Moatless Tools Claude 3 5 Sonnet,3,"""VOTE: {""grok"": ""3"", ""minimax"": ""2"", ""gpt5"": ""3""}"""
sympy__sympy-21379,SWEAgent Claude3 Opus,3,"""VOTE: {""grok"": ""3"", ""minimax"": ""2"", ""gpt5"": ""3""}"""
sympy__sympy-21612,Agentless GPT 4o,1,"""VOTE: {""grok"": ""1"", ""minimax"": ""1"", ""gpt5"": ""1""}"""
sympy__sympy-21612,Aider,4,"""VOTE: {""grok"": ""4"", ""minimax"": ""1"", ""gpt5"": ""4""}"""
sympy__sympy-21612,AppMap Navie GPT 4o,4,"""VOTE: {""grok"": ""4"", ""minimax"": ""2"", ""gpt5"": ""1""}"""
sympy__sympy-21612,AutoCoderOver v20240620,2,"""VOTE: {""grok"": ""2"", ""minimax"": ""2"", ""gpt5"": ""1""}"""
sympy__sympy-21612,MoatlessToolsplusGPT4o,1,"""VOTE: {""grok"": ""2"", ""minimax"": ""1"", ""gpt5"": ""1""}"""
sympy__sympy-21612,Moatless Tools Claude 3 5 Sonnet,1,"""VOTE: {""grok"": ""1"", ""minimax"": ""2"", ""gpt5"": ""1""}"""
sympy__sympy-21612,SWEAgent Claude3 Opus,1,"""VOTE: {""grok"": ""2"", ""minimax"": ""1"", ""gpt5"": ""1""}"""
sympy__sympy-21627,Agentless GPT 4o,4,"""VOTE: {""grok"": ""4"", ""minimax"": ""1"", ""gpt5"": ""3""}"""
sympy__sympy-21627,Aider,3,"""VOTE: {""grok"": ""4"", ""minimax"": ""3"", ""gpt5"": ""3""}"""
sympy__sympy-21627,AppMap Navie GPT 4o,3,"""VOTE: {""grok"": ""3"", ""minimax"": ""3"", ""gpt5"": ""3""}"""
sympy__sympy-21627,AutoCoderOver v20240620,2,"""VOTE: {""grok"": ""2"", ""minimax"": ""2"", ""gpt5"": ""1""}"""
sympy__sympy-21627,MoatlessToolsplusGPT4o,3,"""VOTE: {""grok"": ""3"", ""minimax"": ""3"", ""gpt5"": ""3""}"""
sympy__sympy-21627,Moatless Tools Claude 3 5 Sonnet,3,"""VOTE: {""grok"": ""3"", ""minimax"": ""4"", ""gpt5"": ""3""}"""
sympy__sympy-21627,SWEAgent Claude3 Opus,3,"""VOTE: {""grok"": ""3"", ""minimax"": ""3"", ""gpt5"": ""3""}"""
sympy__sympy-22005,Agentless GPT 4o,4,"""VOTE: {""grok"": ""4"", ""minimax"": ""2"", ""gpt5"": ""3""}"""
sympy__sympy-22005,Aider,3,"""VOTE: {""grok"": ""3"", ""minimax"": ""2"", ""gpt5"": ""3""}"""
sympy__sympy-22005,AppMap Navie GPT 4o,3,"""VOTE: {""grok"": ""3"", ""minimax"": ""3"", ""gpt5"": ""3""}"""
sympy__sympy-22005,AutoCoderOver v20240620,3,"""VOTE: {""grok"": ""3"", ""minimax"": ""2"", ""gpt5"": ""1""}"""
sympy__sympy-22005,MoatlessToolsplusGPT4o,3,"""VOTE: {""grok"": ""3"", ""minimax"": ""2"", ""gpt5"": ""3""}"""
sympy__sympy-22005,Moatless Tools Claude 3 5 Sonnet,3,"""VOTE: {""grok"": ""3"", ""minimax"": ""3"", ""gpt5"": ""3""}"""
sympy__sympy-22005,SWEAgent Claude3 Opus,3,"""VOTE: {""grok"": ""3"", ""minimax"": ""3"", ""gpt5"": ""3""}"""
sympy__sympy-22840,Agentless GPT 4o,1,"""VOTE: {""grok"": ""1"", ""minimax"": ""2"", ""gpt5"": ""3""}"""
sympy__sympy-22840,Aider,2,"""VOTE: {""grok"": ""2"", ""minimax"": ""2"", ""gpt5"": ""1""}"""
sympy__sympy-22840,AppMap Navie GPT 4o,1,"""VOTE: {""grok"": ""1"", ""minimax"": ""2"", ""gpt5"": ""1""}"""
sympy__sympy-22840,AutoCoderOver v20240620,2,"""VOTE: {""grok"": ""2"", ""minimax"": ""2"", ""gpt5"": ""2""}"""
sympy__sympy-22840,MoatlessToolsplusGPT4o,3,"""VOTE: {""grok"": ""3"", ""minimax"": ""3"", ""gpt5"": ""3""}"""
sympy__sympy-22840,Moatless Tools Claude 3 5 Sonnet,2,"""VOTE: {""grok"": ""1"", ""minimax"": ""2"", ""gpt5"": ""2""}"""
sympy__sympy-22840,SWEAgent Claude3 Opus,1,"""VOTE: {""grok"": ""3"", ""minimax"": ""1"", ""gpt5"": ""1""}"""
sympy__sympy-24102,Agentless GPT 4o,1,"""VOTE: {""grok"": ""4"", ""minimax"": ""1"", ""gpt5"": ""1""}"""
sympy__sympy-24102,Aider,1,"""VOTE: {""grok"": ""1"", ""minimax"": ""1"", ""gpt5"": ""1""}"""
sympy__sympy-24102,AppMap Navie GPT 4o,1,"""VOTE: {""grok"": ""1"", ""minimax"": ""1"", ""gpt5"": ""1""}"""
sympy__sympy-24102,AutoCoderOver v20240620,1,"""VOTE: {""grok"": ""2"", ""minimax"": ""1"", ""gpt5"": ""1""}"""
sympy__sympy-24102,MoatlessToolsplusGPT4o,1,"""VOTE: {""grok"": ""1"", ""minimax"": ""1"", ""gpt5"": ""1""}"""
sympy__sympy-24102,Moatless Tools Claude 3 5 Sonnet,1,"""VOTE: {""grok"": ""1"", ""minimax"": ""1"", ""gpt5"": ""1""}"""
sympy__sympy-24102,SWEAgent Claude3 Opus,1,"""VOTE: {""grok"": ""1"", ""minimax"": ""3"", ""gpt5"": ""1""}"""
